-- --------------------------------------------------------
-- 主机:                           192.168.2.92
-- 服务器版本:                        5.7.17-log - MySQL Community Server (GPL)
-- 服务器操作系统:                      Win64
-- HeidiSQL 版本:                  9.4.0.5125
-- --------------------------------------------------------

/*!40101 SET @OLD_CHARACTER_SET_CLIENT=@@CHARACTER_SET_CLIENT */;
/*!40101 SET NAMES utf8 */;
/*!50503 SET NAMES utf8mb4 */;
/*!40014 SET @OLD_FOREIGN_KEY_CHECKS=@@FOREIGN_KEY_CHECKS, FOREIGN_KEY_CHECKS=0 */;
/*!40101 SET @OLD_SQL_MODE=@@SQL_MODE, SQL_MODE='NO_AUTO_VALUE_ON_ZERO' */;

-- 正在导出表  intellif_area_authorize.t_system_switch 的数据：~0 rows (大约)
DELETE FROM `t_system_switch`;
/*!40000 ALTER TABLE `t_system_switch` DISABLE KEYS */;
INSERT INTO `t_system_switch` (`id`, `switch_type`, `opened`, `created`) VALUES
	(1, 'AREA_AUTHORIZE', b'1', '2017-02-25 11:03:23');
/*!40000 ALTER TABLE `t_system_switch` ENABLE KEYS */;

-- 正在导出表  intellif_area_authorize.t_user_area 的数据：~1 rows (大约)
DELETE FROM `t_user_area`;
/*!40000 ALTER TABLE `t_user_area` DISABLE KEYS */;
/*!40000 ALTER TABLE `t_user_area` ENABLE KEYS */;

-- 正在导出表  intellif_area_authorize.t_user_camera 的数据：~1 rows (大约)
DELETE FROM `t_user_camera`;
/*!40000 ALTER TABLE `t_user_camera` DISABLE KEYS */;
/*!40000 ALTER TABLE `t_user_camera` ENABLE KEYS */;

-- 正在导出表  intellif_area_authorize.t_user_switch 的数据：~1 rows (大约)
DELETE FROM `t_user_switch`;
/*!40000 ALTER TABLE `t_user_switch` DISABLE KEYS */;
INSERT INTO `t_user_switch` (`id`, `user_id`, `opened`, `created`, `creator`) VALUES
	(1, 1, b'0', '2017-02-28 00:00:00', 1);
/*!40000 ALTER TABLE `t_user_switch` ENABLE KEYS */;

-- 正在导出表  intellif_base.alarm_info_dto 的数据：~0 rows (大约)
DELETE FROM `alarm_info_dto`;
/*!40000 ALTER TABLE `alarm_info_dto` DISABLE KEYS */;
/*!40000 ALTER TABLE `alarm_info_dto` ENABLE KEYS */;

-- 正在导出表  intellif_base.alarm_person_detail 的数据：~0 rows (大约)
DELETE FROM `alarm_person_detail`;
/*!40000 ALTER TABLE `alarm_person_detail` DISABLE KEYS */;
/*!40000 ALTER TABLE `alarm_person_detail` ENABLE KEYS */;

-- 正在导出表  intellif_base.alarm_process_detail 的数据：~0 rows (大约)
DELETE FROM `alarm_process_detail`;
/*!40000 ALTER TABLE `alarm_process_detail` DISABLE KEYS */;
/*!40000 ALTER TABLE `alarm_process_detail` ENABLE KEYS */;

-- 正在导出表  intellif_base.alarm_process_detail_dto 的数据：~0 rows (大约)
DELETE FROM `alarm_process_detail_dto`;
/*!40000 ALTER TABLE `alarm_process_detail_dto` DISABLE KEYS */;
/*!40000 ALTER TABLE `alarm_process_detail_dto` ENABLE KEYS */;

-- 正在导出表  intellif_base.alarm_process_dto 的数据：~0 rows (大约)
DELETE FROM `alarm_process_dto`;
/*!40000 ALTER TABLE `alarm_process_dto` DISABLE KEYS */;
/*!40000 ALTER TABLE `alarm_process_dto` ENABLE KEYS */;

-- 正在导出表  intellif_base.alarm_process_info 的数据：~0 rows (大约)
DELETE FROM `alarm_process_info`;
/*!40000 ALTER TABLE `alarm_process_info` DISABLE KEYS */;
/*!40000 ALTER TABLE `alarm_process_info` ENABLE KEYS */;

-- 正在导出表  intellif_base.alarm_statistic_by_station_dto 的数据：~0 rows (大约)
DELETE FROM `alarm_statistic_by_station_dto`;
/*!40000 ALTER TABLE `alarm_statistic_by_station_dto` DISABLE KEYS */;
/*!40000 ALTER TABLE `alarm_statistic_by_station_dto` ENABLE KEYS */;

-- 正在导出表  intellif_base.alarm_statistic_dto 的数据：~0 rows (大约)
DELETE FROM `alarm_statistic_dto`;
/*!40000 ALTER TABLE `alarm_statistic_dto` DISABLE KEYS */;
/*!40000 ALTER TABLE `alarm_statistic_dto` ENABLE KEYS */;

-- 正在导出表  intellif_base.alarm_type_info 的数据：~0 rows (大约)
DELETE FROM `alarm_type_info`;
/*!40000 ALTER TABLE `alarm_type_info` DISABLE KEYS */;
/*!40000 ALTER TABLE `alarm_type_info` ENABLE KEYS */;

-- 正在导出表  intellif_base.area_camera_statistic 的数据：~0 rows (大约)
DELETE FROM `area_camera_statistic`;
/*!40000 ALTER TABLE `area_camera_statistic` DISABLE KEYS */;
/*!40000 ALTER TABLE `area_camera_statistic` ENABLE KEYS */;

-- 正在导出表  intellif_base.black_detail_dto 的数据：~0 rows (大约)
DELETE FROM `black_detail_dto`;
/*!40000 ALTER TABLE `black_detail_dto` DISABLE KEYS */;
/*!40000 ALTER TABLE `black_detail_dto` ENABLE KEYS */;

-- 正在导出表  intellif_base.black_detail_real_name 的数据：~0 rows (大约)
DELETE FROM `black_detail_real_name`;
/*!40000 ALTER TABLE `black_detail_real_name` DISABLE KEYS */;
/*!40000 ALTER TABLE `black_detail_real_name` ENABLE KEYS */;

-- 正在导出表  intellif_base.camera_dto 的数据：~0 rows (大约)
DELETE FROM `camera_dto`;
/*!40000 ALTER TABLE `camera_dto` DISABLE KEYS */;
/*!40000 ALTER TABLE `camera_dto` ENABLE KEYS */;

-- 正在导出表  intellif_base.camera_geometry_info_dto 的数据：~0 rows (大约)
DELETE FROM `camera_geometry_info_dto`;
/*!40000 ALTER TABLE `camera_geometry_info_dto` DISABLE KEYS */;
/*!40000 ALTER TABLE `camera_geometry_info_dto` ENABLE KEYS */;

-- 正在导出表  intellif_base.count_crime_info 的数据：~0 rows (大约)
DELETE FROM `count_crime_info`;
/*!40000 ALTER TABLE `count_crime_info` DISABLE KEYS */;
/*!40000 ALTER TABLE `count_crime_info` ENABLE KEYS */;

-- 正在导出表  intellif_base.count_info 的数据：~0 rows (大约)
DELETE FROM `count_info`;
/*!40000 ALTER TABLE `count_info` DISABLE KEYS */;
/*!40000 ALTER TABLE `count_info` ENABLE KEYS */;

-- 正在导出表  intellif_base.crime_person_count 的数据：~0 rows (大约)
DELETE FROM `crime_person_count`;
/*!40000 ALTER TABLE `crime_person_count` DISABLE KEYS */;
/*!40000 ALTER TABLE `crime_person_count` ENABLE KEYS */;

-- 正在导出表  intellif_base.event_info 的数据：~0 rows (大约)
DELETE FROM `event_info`;
/*!40000 ALTER TABLE `event_info` DISABLE KEYS */;
/*!40000 ALTER TABLE `event_info` ENABLE KEYS */;

-- 正在导出表  intellif_base.event_static_info 的数据：~0 rows (大约)
DELETE FROM `event_static_info`;
/*!40000 ALTER TABLE `event_static_info` DISABLE KEYS */;
/*!40000 ALTER TABLE `event_static_info` ENABLE KEYS */;

-- 正在导出表  intellif_base.face_info 的数据：~0 rows (大约)
DELETE FROM `face_info`;
/*!40000 ALTER TABLE `face_info` DISABLE KEYS */;
/*!40000 ALTER TABLE `face_info` ENABLE KEYS */;

-- 正在导出表  intellif_base.face_info_dto 的数据：~0 rows (大约)
DELETE FROM `face_info_dto`;
/*!40000 ALTER TABLE `face_info_dto` DISABLE KEYS */;
/*!40000 ALTER TABLE `face_info_dto` ENABLE KEYS */;

-- 正在导出表  intellif_base.face_query_dto 的数据：~0 rows (大约)
DELETE FROM `face_query_dto`;
/*!40000 ALTER TABLE `face_query_dto` DISABLE KEYS */;
/*!40000 ALTER TABLE `face_query_dto` ENABLE KEYS */;

-- 正在导出表  intellif_base.face_search_dto 的数据：~0 rows (大约)
DELETE FROM `face_search_dto`;
/*!40000 ALTER TABLE `face_search_dto` DISABLE KEYS */;
/*!40000 ALTER TABLE `face_search_dto` ENABLE KEYS */;

-- 正在导出表  intellif_base.face_statistic_count 的数据：~0 rows (大约)
DELETE FROM `face_statistic_count`;
/*!40000 ALTER TABLE `face_statistic_count` DISABLE KEYS */;
/*!40000 ALTER TABLE `face_statistic_count` ENABLE KEYS */;

-- 正在导出表  intellif_base.face_statistic_dto 的数据：~0 rows (大约)
DELETE FROM `face_statistic_dto`;
/*!40000 ALTER TABLE `face_statistic_dto` DISABLE KEYS */;
/*!40000 ALTER TABLE `face_statistic_dto` ENABLE KEYS */;

-- 正在导出表  intellif_base.g20statistic 的数据：~0 rows (大约)
DELETE FROM `g20statistic`;
/*!40000 ALTER TABLE `g20statistic` DISABLE KEYS */;
/*!40000 ALTER TABLE `g20statistic` ENABLE KEYS */;

-- 正在导出表  intellif_base.history_operation_dto 的数据：~0 rows (大约)
DELETE FROM `history_operation_dto`;
/*!40000 ALTER TABLE `history_operation_dto` DISABLE KEYS */;
/*!40000 ALTER TABLE `history_operation_dto` ENABLE KEYS */;

-- 正在导出表  intellif_base.image_info 的数据：~0 rows (大约)
DELETE FROM `image_info`;
/*!40000 ALTER TABLE `image_info` DISABLE KEYS */;
/*!40000 ALTER TABLE `image_info` ENABLE KEYS */;

-- 正在导出表  intellif_base.live_notify_info 的数据：~0 rows (大约)
DELETE FROM `live_notify_info`;
/*!40000 ALTER TABLE `live_notify_info` DISABLE KEYS */;
/*!40000 ALTER TABLE `live_notify_info` ENABLE KEYS */;

-- 正在导出表  intellif_base.mall_persondetail_dto 的数据：~0 rows (大约)
DELETE FROM `mall_persondetail_dto`;
/*!40000 ALTER TABLE `mall_persondetail_dto` DISABLE KEYS */;
/*!40000 ALTER TABLE `mall_persondetail_dto` ENABLE KEYS */;

-- 正在导出表  intellif_base.mall_stored_crime_data_dto 的数据：~0 rows (大约)
DELETE FROM `mall_stored_crime_data_dto`;
/*!40000 ALTER TABLE `mall_stored_crime_data_dto` DISABLE KEYS */;
/*!40000 ALTER TABLE `mall_stored_crime_data_dto` ENABLE KEYS */;

-- 正在导出表  intellif_base.oauth_access_token 的数据：~1 rows (大约)
DELETE FROM `oauth_access_token`;
/*!40000 ALTER TABLE `oauth_access_token` DISABLE KEYS */;
INSERT INTO `oauth_access_token` (`token_id`, `token`, `authentication_id`, `user_name`, `client_id`, `authentication`, `refresh_token`) VALUES
	('ed5658d16775b4f819a4e72efcc0c9bf', _binary 0xACED0005737200436F72672E737072696E676672616D65776F726B2E73656375726974792E6F61757468322E636F6D6D6F6E2E44656661756C744F4175746832416363657373546F6B656E0CB29E361B24FACE0200064C00156164646974696F6E616C496E666F726D6174696F6E74000F4C6A6176612F7574696C2F4D61703B4C000A65787069726174696F6E7400104C6A6176612F7574696C2F446174653B4C000C72656672657368546F6B656E74003F4C6F72672F737072696E676672616D65776F726B2F73656375726974792F6F61757468322F636F6D6D6F6E2F4F417574683252656672657368546F6B656E3B4C000573636F706574000F4C6A6176612F7574696C2F5365743B4C0009746F6B656E547970657400124C6A6176612F6C616E672F537472696E673B4C000576616C756571007E00057870737200176A6176612E7574696C2E4C696E6B6564486173684D617034C04E5C106CC0FB0200015A000B6163636573734F72646572787200116A6176612E7574696C2E486173684D61700507DAC13F603F000246000A6C6F6164466163746F724900097468726573686F6C6478703F4000000000000C770800000010000000057400156F617574685F41494B5F726F6C655F696E666F5F73737200136A6176612E7574696C2E41727261794C6973747881D21D99C7613F000149000473697A6578700000000177040000000173720014696E74656C6C69662E766F2E526F6C65496E666F00000000000000010200054C0006636E4E616D6571007E00054C000269647400104C6A6176612F6C616E672F4C6F6E673B4C00076D6F64756C657371007E00054C00046E616D6571007E00054C000672657349647371007E000578720014696E74656C6C69662E766F2E496E666F42617365733F70D5FD1B3F00024C00076372656174656471007E00024C00077570646174656471007E00027870737200126A6176612E73716C2E54696D657374616D702618D5C80153BF650200014900056E616E6F737872000E6A6176612E7574696C2E44617465686A3F4B5974190300007870770800000153123130D878000000007371007E0011770800000153123130D8780000000074000FE8B685E7BAA7E7AEA1E79086E591987372000E6A6176612E6C616E672E4C6F6E673B8BE490CC3F3F00014A000576616C7565787200106A6176612E6C616E672E4E756D62657286AC3F0B94E03F00007870000000000000000174003B312C322C332C342C352C362C372C382C392C31302C31312C31322C31332C31342C31352C31362C31372C31382C31392C32302C32312C32322C323374000B53555045525F41444D494E7400FF3130312C3130322C3130332C3130342C3130352C3130362C3130372C3130382C3130392C3131302C3131312C3131322C3131332C3131342C3131352C3131362C3131372C3131382C3131392C3132302C3132312C3132322C3132332C3132342C3132352C3132362C3132372C3132382C3132392C3133302C3133312C3133322C3133332C3133342C3133352C3133362C3133392C3134302C3134312C3134322C3134332C3134342C3134352C3134362C3134372C3134382C3134392C3135302C3135312C3135322C3135332C3135342C3135352C3135362C3135372C3135382C3135392C3136302C3136312C313030302C313030302C313030302C3136322C787400156F617574685F41494B5F6F617574685F7265735F737371007E000B0000003F77040000003F707070707070707070707070707070707070707070707070707070707070707070707070707070707070707070707070707070707070707070707070707070787400086861736C6F67696E7400007400136F617574685F41494B5F757365725F696E666F73720014696E74656C6C69662E766F2E55736572496E666F00000000000000010200124900036167654A000666616365496449000667656E6465725A00086861736C6F67696E4A000269644A000F706F6C69636553746174696F6E49644C0007617265614964737400104C6A6176612F7574696C2F4C6973743B4C000963616D65726149647371007E00224C000C63616D65726152696768747371007E00054C0007656E6454696D6571007E00024C00056C6F67696E71007E00054C00066D6F62696C6571007E00054C00046E616D6571007E00054C00066F70656E65647400134C6A6176612F6C616E672F426F6F6C65616E3B4C000870617373776F726471007E00054C0004706F737471007E00054C0007726F6C6549647371007E00054C0009737461727454696D6571007E00027871007E000F7371007E001177080000015A7D3FF878000000007371007E001177080000015A7D3FF87800000000000000000000000000000000000000010000000000000000010000000000000001707071007E001F7371007E001177080000024BCCA57C0078000000007400037A786471007E001F740009E98391E69993E4B89C7074000631323334353674000CE4B880E7BAA7E8ADA6E59198740001317371007E00117708FFFFFFFFFE483F0078000000007400156F617574685F41494B5F757365725F64657461696C7372004B696E74656C6C69662E736572766963652E696D706C2E5573657244657461696C7353657276696365496D706C24557365725265706F7369746F72794F417574685573657244657461696C7300000000000000010200007871007E00217070000000000000000000000000000000010000000000000000010000000000000001707071007E001F7371007E001177080000024BCCA57C0078000000007400037A786471007E001F740009E98391E69993E4B89C7074000631323334353674000CE4B880E7BAA7E8ADA6E59198740001317371007E00117708FFFFFFFFFE483F00780000000078007371007E001277080000015A89EDAE76787372004C6F72672E737072696E676672616D65776F726B2E73656375726974792E6F61757468322E636F6D6D6F6E2E44656661756C744578706972696E674F417574683252656672657368546F6B656E2FDF47639DD0C9B70200014C000A65787069726174696F6E71007E0002787200446F72672E737072696E676672616D65776F726B2E73656375726974792E6F61757468322E636F6D6D6F6E2E44656661756C744F417574683252656672657368546F6B656E733F0A6354D45E0200014C000576616C756571007E0005787074002432613932343961312D363237312D343230332D383330662D3239623134623931303935377371007E001277080000015B183F6A78737200256A6176612E7574696C2E436F6C6C656374696F6E7324556E6D6F6469666961626C65536574801D92D18F9B80550200007872002C6A6176612E7574696C2E436F6C6C656374696F6E7324556E6D6F6469666961626C65436F6C6C656374696F6E19420080CB5E3F0200014C0001637400164C6A6176612F7574696C2F436F6C6C656374696F6E3B7870737200176A6176612E7574696C2E4C696E6B656448617368536574D86CD75A95DD2A1E020000787200116A6176612E7574696C2E48617368536574BA44859596B83F0300007870770C000000043F400000000000027400047265616474000577726974657874000662656172657274002436666237643465382D383733632D343531322D393562632D313632303465343864396636, '31ea689efe52487336beee7e710d22f1', 'zxd', 'clientapp', _binary 0xACED0005737200416F72672E737072696E676672616D65776F726B2E73656375726974792E6F61757468322E70726F76696465722E4F417574683241757468656E7469636174696F6EBD400B02166252130200024C000D73746F7265645265717565737474003C4C6F72672F737072696E676672616D65776F726B2F73656375726974792F6F61757468322F70726F76696465722F4F4175746832526571756573743B4C00127573657241757468656E7469636174696F6E7400324C6F72672F737072696E676672616D65776F726B2F73656375726974792F636F72652F41757468656E7469636174696F6E3B787200476F72672E737072696E676672616D65776F726B2E73656375726974792E61757468656E7469636174696F6E2E416273747261637441757468656E7469636174696F6E546F6B656ED3AA287E6E47640E0200035A000D61757468656E746963617465644C000B617574686F7269746965737400164C6A6176612F7574696C2F436F6C6C656374696F6E3B4C000764657461696C737400124C6A6176612F6C616E672F4F626A6563743B787000737200266A6176612E7574696C2E436F6C6C656374696F6E7324556E6D6F6469666961626C654C6973743F2531B5EC3F0200014C00046C6973747400104C6A6176612F7574696C2F4C6973743B7872002C6A6176612E7574696C2E436F6C6C656374696F6E7324556E6D6F6469666961626C65436F6C6C656374696F6E19420080CB5E3F0200014C00016371007E00047870737200136A6176612E7574696C2E41727261794C6973747881D21D99C7613F000149000473697A6578700000000177040000000173720014696E74656C6C69662E766F2E526F6C65496E666F00000000000000010200054C0006636E4E616D657400124C6A6176612F6C616E672F537472696E673B4C000269647400104C6A6176612F6C616E672F4C6F6E673B4C00076D6F64756C657371007E000E4C00046E616D6571007E000E4C000672657349647371007E000E78720014696E74656C6C69662E766F2E496E666F42617365733F70D5FD1B3F00024C0007637265617465647400104C6A6176612F7574696C2F446174653B4C00077570646174656471007E00117870737200126A6176612E73716C2E54696D657374616D702618D5C80153BF650200014900056E616E6F737872000E6A6176612E7574696C2E44617465686A3F4B5974190300007870770800000153123130D878000000007371007E0013770800000153123130D8780000000074000FE8B685E7BAA7E7AEA1E79086E591987372000E6A6176612E6C616E672E4C6F6E673B8BE490CC3F3F00014A000576616C7565787200106A6176612E6C616E672E4E756D62657286AC3F0B94E03F00007870000000000000000174003B312C322C332C342C352C362C372C382C392C31302C31312C31322C31332C31342C31352C31362C31372C31382C31392C32302C32312C32322C323374000B53555045525F41444D494E7400FF3130312C3130322C3130332C3130342C3130352C3130362C3130372C3130382C3130392C3131302C3131312C3131322C3131332C3131342C3131352C3131362C3131372C3131382C3131392C3132302C3132312C3132322C3132332C3132342C3132352C3132362C3132372C3132382C3132392C3133302C3133312C3133322C3133332C3133342C3133352C3133362C3133392C3134302C3134312C3134322C3134332C3134342C3134352C3134362C3134372C3134382C3134392C3135302C3135312C3135322C3135332C3135342C3135352C3135362C3135372C3135382C3135392C3136302C3136312C313030302C313030302C313030302C3136322C7871007E000C707372003A6F72672E737072696E676672616D65776F726B2E73656375726974792E6F61757468322E70726F76696465722E4F41757468325265717565737400000000000000010200075A0008617070726F7665644C000B617574686F72697469657371007E00044C000A657874656E73696F6E7374000F4C6A6176612F7574696C2F4D61703B4C000B726564697265637455726971007E000E4C00077265667265736874003B4C6F72672F737072696E676672616D65776F726B2F73656375726974792F6F61757468322F70726F76696465722F546F6B656E526571756573743B4C000B7265736F7572636549647374000F4C6A6176612F7574696C2F5365743B4C000D726573706F6E7365547970657371007E0021787200386F72672E737072696E676672616D65776F726B2E73656375726974792E6F61757468322E70726F76696465722E426173655265717565737436287A3EA371693F00034C0008636C69656E74496471007E000E4C001172657175657374506172616D657465727371007E001F4C000573636F706571007E00217870740009636C69656E74617070737200256A6176612E7574696C2E436F6C6C656374696F6E7324556E6D6F6469666961626C654D6170F1A5A8FE743F420200014C00016D71007E001F7870737200116A6176612E7574696C2E486173684D61700507DAC13F603F000246000A6C6F6164466163746F724900097468726573686F6C6478703F4000000000000C7708000000100000000474000A6772616E745F7479706574000870617373776F726474000573636F706574000A72656164207772697465740009636C69656E745F6964740009636C69656E74617070740008757365726E616D657400037A786478737200256A6176612E7574696C2E436F6C6C656374696F6E7324556E6D6F6469666961626C65536574801D92D18F9B80550200007871007E0009737200176A6176612E7574696C2E4C696E6B656448617368536574D86CD75A95DD2A1E020000787200116A6176612E7574696C2E48617368536574BA44859596B83F0300007870770C000000103F4000000000000274000472656164740005777269746578017371007E0034770C000000103F40000000000001737200426F72672E737072696E676672616D65776F726B2E73656375726974792E636F72652E617574686F726974792E53696D706C654772616E746564417574686F72697479000000000000013F00014C0004726F6C6571007E000E787074000455534552787371007E00273F40000000000000770800000010000000007870707372001E6A6176612E7574696C2E436F6C6C656374696F6E7324456D70747953657415F5721D3F3F02000078707371007E0034770C000000103F40000000000000787372004F6F72672E737072696E676672616D65776F726B2E73656375726974792E61757468656E7469636174696F6E2E557365726E616D6550617373776F726441757468656E7469636174696F6E546F6B656E000000000000013F00024C000B63726564656E7469616C7371007E00054C00097072696E636970616C71007E00057871007E0003017371007E00077371007E000B0000000177040000000171007E00127871007E0043737200176A6176612E7574696C2E4C696E6B6564486173684D617034C04E5C106CC0FB0200015A000B6163636573734F726465727871007E00273F4000000000000C7708000000100000000571007E002971007E002A71007E002B71007E002C74000D636C69656E745F73656372657474000631323334353671007E002D71007E002E71007E002F71007E00307800707372004B696E74656C6C69662E736572766963652E696D706C2E5573657244657461696C7353657276696365496D706C24557365725265706F7369746F72794F417574685573657244657461696C73000000000000000102000078720014696E74656C6C69662E766F2E55736572496E666F00000000000000010200124900036167654A000666616365496449000667656E6465725A00086861736C6F67696E4A000269644A000F706F6C69636553746174696F6E49644C00076172656149647371007E00084C000963616D65726149647371007E00084C000C63616D65726152696768747371007E000E4C0007656E6454696D6571007E00114C00056C6F67696E71007E000E4C00066D6F62696C6571007E000E4C00046E616D6571007E000E4C00066F70656E65647400134C6A6176612F6C616E672F426F6F6C65616E3B4C000870617373776F726471007E000E4C0004706F737471007E000E4C0007726F6C6549647371007E000E4C0009737461727454696D6571007E00117871007E0010707000000000000000000000000000000001000000000000000001000000000000000170707400007371007E001377080000024BCCA57C0078000000007400037A786471007E004C740009E98391E69993E4B89C7074000631323334353674000CE4B880E7BAA7E8ADA6E59198740001317371007E00137708FFFFFFFFFE483F007800000000, '89f8895fd846bcb534843acaa96ff003');
/*!40000 ALTER TABLE `oauth_access_token` ENABLE KEYS */;

-- 正在导出表  intellif_base.oauth_approvals 的数据：~0 rows (大约)
DELETE FROM `oauth_approvals`;
/*!40000 ALTER TABLE `oauth_approvals` DISABLE KEYS */;
/*!40000 ALTER TABLE `oauth_approvals` ENABLE KEYS */;

-- 正在导出表  intellif_base.oauth_client_details 的数据：~1 rows (大约)
DELETE FROM `oauth_client_details`;
/*!40000 ALTER TABLE `oauth_client_details` DISABLE KEYS */;
INSERT INTO `oauth_client_details` (`client_id`, `resource_ids`, `client_secret`, `scope`, `authorized_grant_types`, `web_server_redirect_uri`, `authorities`, `access_token_validity`, `refresh_token_validity`, `additional_information`, `autoapprove`) VALUES
	('clientapp', '', '123456', 'read,write', 'password,refresh_token', '', 'USER', NULL, NULL, '{}', '');
/*!40000 ALTER TABLE `oauth_client_details` ENABLE KEYS */;

-- 正在导出表  intellif_base.oauth_client_token 的数据：~0 rows (大约)
DELETE FROM `oauth_client_token`;
/*!40000 ALTER TABLE `oauth_client_token` DISABLE KEYS */;
/*!40000 ALTER TABLE `oauth_client_token` ENABLE KEYS */;

-- 正在导出表  intellif_base.oauth_code 的数据：~0 rows (大约)
DELETE FROM `oauth_code`;
/*!40000 ALTER TABLE `oauth_code` DISABLE KEYS */;
/*!40000 ALTER TABLE `oauth_code` ENABLE KEYS */;

-- 正在导出表  intellif_base.oauth_refresh_token 的数据：~9 rows (大约)
DELETE FROM `oauth_refresh_token`;
/*!40000 ALTER TABLE `oauth_refresh_token` DISABLE KEYS */;
INSERT INTO `oauth_refresh_token` (`token_id`, `token`, `authentication`) VALUES
	('899ffccdd1b59767690f29cef148d591', _binary 0xACED00057372004C6F72672E737072696E676672616D65776F726B2E73656375726974792E6F61757468322E636F6D6D6F6E2E44656661756C744578706972696E674F417574683252656672657368546F6B656E2FDF47639DD0C9B70200014C000A65787069726174696F6E7400104C6A6176612F7574696C2F446174653B787200446F72672E737072696E676672616D65776F726B2E73656375726974792E6F61757468322E636F6D6D6F6E2E44656661756C744F417574683252656672657368546F6B656E733F0A6354D45E0200014C000576616C75657400124C6A6176612F6C616E672F537472696E673B787074002461383864633266642D643662392D343565352D616337332D3763346664336235646462667372000E6A6176612E7574696C2E44617465686A3F4B597419030000787077080000015B183FE378, _binary 0xACED0005737200416F72672E737072696E676672616D65776F726B2E73656375726974792E6F61757468322E70726F76696465722E4F417574683241757468656E7469636174696F6EBD400B02166252130200024C000D73746F7265645265717565737474003C4C6F72672F737072696E676672616D65776F726B2F73656375726974792F6F61757468322F70726F76696465722F4F4175746832526571756573743B4C00127573657241757468656E7469636174696F6E7400324C6F72672F737072696E676672616D65776F726B2F73656375726974792F636F72652F41757468656E7469636174696F6E3B787200476F72672E737072696E676672616D65776F726B2E73656375726974792E61757468656E7469636174696F6E2E416273747261637441757468656E7469636174696F6E546F6B656ED3AA287E6E47640E0200035A000D61757468656E746963617465644C000B617574686F7269746965737400164C6A6176612F7574696C2F436F6C6C656374696F6E3B4C000764657461696C737400124C6A6176612F6C616E672F4F626A6563743B787000737200266A6176612E7574696C2E436F6C6C656374696F6E7324556E6D6F6469666961626C654C6973743F2531B5EC3F0200014C00046C6973747400104C6A6176612F7574696C2F4C6973743B7872002C6A6176612E7574696C2E436F6C6C656374696F6E7324556E6D6F6469666961626C65436F6C6C656374696F6E19420080CB5E3F0200014C00016371007E00047870737200136A6176612E7574696C2E41727261794C6973747881D21D99C7613F000149000473697A6578700000000177040000000173720014696E74656C6C69662E766F2E526F6C65496E666F00000000000000010200054C0006636E4E616D657400124C6A6176612F6C616E672F537472696E673B4C000269647400104C6A6176612F6C616E672F4C6F6E673B4C00076D6F64756C657371007E000E4C00046E616D6571007E000E4C000672657349647371007E000E78720014696E74656C6C69662E766F2E496E666F42617365733F70D5FD1B3F00024C0007637265617465647400104C6A6176612F7574696C2F446174653B4C00077570646174656471007E00117870737200126A6176612E73716C2E54696D657374616D702618D5C80153BF650200014900056E616E6F737872000E6A6176612E7574696C2E44617465686A3F4B5974190300007870770800000153123130D878000000007371007E0013770800000153123130D8780000000074000FE8B685E7BAA7E7AEA1E79086E591987372000E6A6176612E6C616E672E4C6F6E673B8BE490CC3F3F00014A000576616C7565787200106A6176612E6C616E672E4E756D62657286AC3F0B94E03F00007870000000000000000174003B312C322C332C342C352C362C372C382C392C31302C31312C31322C31332C31342C31352C31362C31372C31382C31392C32302C32312C32322C323374000B53555045525F41444D494E7400FF3130312C3130322C3130332C3130342C3130352C3130362C3130372C3130382C3130392C3131302C3131312C3131322C3131332C3131342C3131352C3131362C3131372C3131382C3131392C3132302C3132312C3132322C3132332C3132342C3132352C3132362C3132372C3132382C3132392C3133302C3133312C3133322C3133332C3133342C3133352C3133362C3133392C3134302C3134312C3134322C3134332C3134342C3134352C3134362C3134372C3134382C3134392C3135302C3135312C3135322C3135332C3135342C3135352C3135362C3135372C3135382C3135392C3136302C3136312C313030302C313030302C313030302C3136322C7871007E000C707372003A6F72672E737072696E676672616D65776F726B2E73656375726974792E6F61757468322E70726F76696465722E4F41757468325265717565737400000000000000010200075A0008617070726F7665644C000B617574686F72697469657371007E00044C000A657874656E73696F6E7374000F4C6A6176612F7574696C2F4D61703B4C000B726564697265637455726971007E000E4C00077265667265736874003B4C6F72672F737072696E676672616D65776F726B2F73656375726974792F6F61757468322F70726F76696465722F546F6B656E526571756573743B4C000B7265736F7572636549647374000F4C6A6176612F7574696C2F5365743B4C000D726573706F6E7365547970657371007E0021787200386F72672E737072696E676672616D65776F726B2E73656375726974792E6F61757468322E70726F76696465722E426173655265717565737436287A3EA371693F00034C0008636C69656E74496471007E000E4C001172657175657374506172616D657465727371007E001F4C000573636F706571007E00217870740009636C69656E74617070737200256A6176612E7574696C2E436F6C6C656374696F6E7324556E6D6F6469666961626C654D6170F1A5A8FE743F420200014C00016D71007E001F7870737200116A6176612E7574696C2E486173684D61700507DAC13F603F000246000A6C6F6164466163746F724900097468726573686F6C6478703F4000000000000C7708000000100000000474000A6772616E745F7479706574000870617373776F726474000573636F706574000A72656164207772697465740009636C69656E745F6964740009636C69656E74617070740008757365726E616D657400037A786478737200256A6176612E7574696C2E436F6C6C656374696F6E7324556E6D6F6469666961626C65536574801D92D18F9B80550200007871007E0009737200176A6176612E7574696C2E4C696E6B656448617368536574D86CD75A95DD2A1E020000787200116A6176612E7574696C2E48617368536574BA44859596B83F0300007870770C000000103F4000000000000274000472656164740005777269746578017371007E0034770C000000103F40000000000001737200426F72672E737072696E676672616D65776F726B2E73656375726974792E636F72652E617574686F726974792E53696D706C654772616E746564417574686F72697479000000000000013F00014C0004726F6C6571007E000E787074000455534552787371007E00273F40000000000000770800000010000000007870707372001E6A6176612E7574696C2E436F6C6C656374696F6E7324456D70747953657415F5721D3F3F02000078707371007E0034770C000000103F40000000000000787372004F6F72672E737072696E676672616D65776F726B2E73656375726974792E61757468656E7469636174696F6E2E557365726E616D6550617373776F726441757468656E7469636174696F6E546F6B656E000000000000013F00024C000B63726564656E7469616C7371007E00054C00097072696E636970616C71007E00057871007E0003017371007E00077371007E000B0000000177040000000171007E00127871007E0043737200176A6176612E7574696C2E4C696E6B6564486173684D617034C04E5C106CC0FB0200015A000B6163636573734F726465727871007E00273F4000000000000C7708000000100000000571007E002971007E002A71007E002B71007E002C74000D636C69656E745F73656372657474000631323334353671007E002D71007E002E71007E002F71007E00307800707372004B696E74656C6C69662E736572766963652E696D706C2E5573657244657461696C7353657276696365496D706C24557365725265706F7369746F72794F417574685573657244657461696C73000000000000000102000078720014696E74656C6C69662E766F2E55736572496E666F000000000000000102000F4900036167654A000666616365496449000667656E6465725A00086861736C6F67696E4A000269644A000F706F6C69636553746174696F6E49644C000C63616D65726152696768747371007E000E4C0007656E6454696D6571007E00114C00056C6F67696E71007E000E4C00066D6F62696C6571007E000E4C00046E616D6571007E000E4C000870617373776F726471007E000E4C0004706F737471007E000E4C0007726F6C6549647371007E000E4C0009737461727454696D6571007E00117871007E001070700000000000000000000000000000000100000000000000000100000000000000017400007371007E001377080000024BCCA57C0078000000007400037A786471007E004B740009E98391E69993E4B89C74000631323334353674000CE4B880E7BAA7E8ADA6E59198740001317371007E00137708FFFFFFFFFE483F007800000000),
	('9a198ec43b55adcaa6b336466650f84d', _binary 0xACED00057372004C6F72672E737072696E676672616D65776F726B2E73656375726974792E6F61757468322E636F6D6D6F6E2E44656661756C744578706972696E674F417574683252656672657368546F6B656E2FDF47639DD0C9B70200014C000A65787069726174696F6E7400104C6A6176612F7574696C2F446174653B787200446F72672E737072696E676672616D65776F726B2E73656375726974792E6F61757468322E636F6D6D6F6E2E44656661756C744F417574683252656672657368546F6B656E733F0A6354D45E0200014C000576616C75657400124C6A6176612F6C616E672F537472696E673B787074002466363465646665332D323532372D346434382D383865372D3731333639383064346331367372000E6A6176612E7574696C2E44617465686A3F4B597419030000787077080000015B183F7178, _binary 0xACED0005737200416F72672E737072696E676672616D65776F726B2E73656375726974792E6F61757468322E70726F76696465722E4F417574683241757468656E7469636174696F6EBD400B02166252130200024C000D73746F7265645265717565737474003C4C6F72672F737072696E676672616D65776F726B2F73656375726974792F6F61757468322F70726F76696465722F4F4175746832526571756573743B4C00127573657241757468656E7469636174696F6E7400324C6F72672F737072696E676672616D65776F726B2F73656375726974792F636F72652F41757468656E7469636174696F6E3B787200476F72672E737072696E676672616D65776F726B2E73656375726974792E61757468656E7469636174696F6E2E416273747261637441757468656E7469636174696F6E546F6B656ED3AA287E6E47640E0200035A000D61757468656E746963617465644C000B617574686F7269746965737400164C6A6176612F7574696C2F436F6C6C656374696F6E3B4C000764657461696C737400124C6A6176612F6C616E672F4F626A6563743B787000737200266A6176612E7574696C2E436F6C6C656374696F6E7324556E6D6F6469666961626C654C6973743F2531B5EC3F0200014C00046C6973747400104C6A6176612F7574696C2F4C6973743B7872002C6A6176612E7574696C2E436F6C6C656374696F6E7324556E6D6F6469666961626C65436F6C6C656374696F6E19420080CB5E3F0200014C00016371007E00047870737200136A6176612E7574696C2E41727261794C6973747881D21D99C7613F000149000473697A6578700000000177040000000173720014696E74656C6C69662E766F2E526F6C65496E666F00000000000000010200054C0006636E4E616D657400124C6A6176612F6C616E672F537472696E673B4C000269647400104C6A6176612F6C616E672F4C6F6E673B4C00076D6F64756C657371007E000E4C00046E616D6571007E000E4C000672657349647371007E000E78720014696E74656C6C69662E766F2E496E666F42617365733F70D5FD1B3F00024C0007637265617465647400104C6A6176612F7574696C2F446174653B4C00077570646174656471007E00117870737200126A6176612E73716C2E54696D657374616D702618D5C80153BF650200014900056E616E6F737872000E6A6176612E7574696C2E44617465686A3F4B5974190300007870770800000153123130D878000000007371007E0013770800000153123130D8780000000074000FE8B685E7BAA7E7AEA1E79086E591987372000E6A6176612E6C616E672E4C6F6E673B8BE490CC3F3F00014A000576616C7565787200106A6176612E6C616E672E4E756D62657286AC3F0B94E03F00007870000000000000000174003B312C322C332C342C352C362C372C382C392C31302C31312C31322C31332C31342C31352C31362C31372C31382C31392C32302C32312C32322C323374000B53555045525F41444D494E7400FF3130312C3130322C3130332C3130342C3130352C3130362C3130372C3130382C3130392C3131302C3131312C3131322C3131332C3131342C3131352C3131362C3131372C3131382C3131392C3132302C3132312C3132322C3132332C3132342C3132352C3132362C3132372C3132382C3132392C3133302C3133312C3133322C3133332C3133342C3133352C3133362C3133392C3134302C3134312C3134322C3134332C3134342C3134352C3134362C3134372C3134382C3134392C3135302C3135312C3135322C3135332C3135342C3135352C3135362C3135372C3135382C3135392C3136302C3136312C313030302C313030302C313030302C3136322C7871007E000C707372003A6F72672E737072696E676672616D65776F726B2E73656375726974792E6F61757468322E70726F76696465722E4F41757468325265717565737400000000000000010200075A0008617070726F7665644C000B617574686F72697469657371007E00044C000A657874656E73696F6E7374000F4C6A6176612F7574696C2F4D61703B4C000B726564697265637455726971007E000E4C00077265667265736874003B4C6F72672F737072696E676672616D65776F726B2F73656375726974792F6F61757468322F70726F76696465722F546F6B656E526571756573743B4C000B7265736F7572636549647374000F4C6A6176612F7574696C2F5365743B4C000D726573706F6E7365547970657371007E0021787200386F72672E737072696E676672616D65776F726B2E73656375726974792E6F61757468322E70726F76696465722E426173655265717565737436287A3EA371693F00034C0008636C69656E74496471007E000E4C001172657175657374506172616D657465727371007E001F4C000573636F706571007E00217870740009636C69656E74617070737200256A6176612E7574696C2E436F6C6C656374696F6E7324556E6D6F6469666961626C654D6170F1A5A8FE743F420200014C00016D71007E001F7870737200116A6176612E7574696C2E486173684D61700507DAC13F603F000246000A6C6F6164466163746F724900097468726573686F6C6478703F4000000000000C7708000000100000000474000A6772616E745F7479706574000870617373776F726474000573636F706574000A72656164207772697465740009636C69656E745F6964740009636C69656E74617070740008757365726E616D657400037A786478737200256A6176612E7574696C2E436F6C6C656374696F6E7324556E6D6F6469666961626C65536574801D92D18F9B80550200007871007E0009737200176A6176612E7574696C2E4C696E6B656448617368536574D86CD75A95DD2A1E020000787200116A6176612E7574696C2E48617368536574BA44859596B83F0300007870770C000000103F4000000000000274000472656164740005777269746578017371007E0034770C000000103F40000000000001737200426F72672E737072696E676672616D65776F726B2E73656375726974792E636F72652E617574686F726974792E53696D706C654772616E746564417574686F72697479000000000000013F00014C0004726F6C6571007E000E787074000455534552787371007E00273F40000000000000770800000010000000007870707372001E6A6176612E7574696C2E436F6C6C656374696F6E7324456D70747953657415F5721D3F3F02000078707371007E0034770C000000103F40000000000000787372004F6F72672E737072696E676672616D65776F726B2E73656375726974792E61757468656E7469636174696F6E2E557365726E616D6550617373776F726441757468656E7469636174696F6E546F6B656E000000000000013F00024C000B63726564656E7469616C7371007E00054C00097072696E636970616C71007E00057871007E0003017371007E00077371007E000B0000000177040000000171007E00127871007E0043737200176A6176612E7574696C2E4C696E6B6564486173684D617034C04E5C106CC0FB0200015A000B6163636573734F726465727871007E00273F4000000000000C7708000000100000000571007E002971007E002A71007E002B71007E002C74000D636C69656E745F73656372657474000631323334353671007E002D71007E002E71007E002F71007E00307800707372004B696E74656C6C69662E736572766963652E696D706C2E5573657244657461696C7353657276696365496D706C24557365725265706F7369746F72794F417574685573657244657461696C73000000000000000102000078720014696E74656C6C69662E766F2E55736572496E666F000000000000000102000F4900036167654A000666616365496449000667656E6465725A00086861736C6F67696E4A000269644A000F706F6C69636553746174696F6E49644C000C63616D65726152696768747371007E000E4C0007656E6454696D6571007E00114C00056C6F67696E71007E000E4C00066D6F62696C6571007E000E4C00046E616D6571007E000E4C000870617373776F726471007E000E4C0004706F737471007E000E4C0007726F6C6549647371007E000E4C0009737461727454696D6571007E00117871007E001070700000000000000000000000000000000100000000000000000100000000000000017400007371007E001377080000024BCCA57C0078000000007400037A786471007E004B740009E98391E69993E4B89C74000631323334353674000CE4B880E7BAA7E8ADA6E59198740001317371007E00137708FFFFFFFFFE483F007800000000),
	('ef1ef47c8fd98563d357f412c35a6e89', _binary 0xACED00057372004C6F72672E737072696E676672616D65776F726B2E73656375726974792E6F61757468322E636F6D6D6F6E2E44656661756C744578706972696E674F417574683252656672657368546F6B656E2FDF47639DD0C9B70200014C000A65787069726174696F6E7400104C6A6176612F7574696C2F446174653B787200446F72672E737072696E676672616D65776F726B2E73656375726974792E6F61757468322E636F6D6D6F6E2E44656661756C744F417574683252656672657368546F6B656E733F0A6354D45E0200014C000576616C75657400124C6A6176612F6C616E672F537472696E673B787074002463363435636136332D653665382D343935392D396466622D3833396638313737316338367372000E6A6176612E7574696C2E44617465686A3F4B597419030000787077080000015B18C492BD78, _binary 0xACED0005737200416F72672E737072696E676672616D65776F726B2E73656375726974792E6F61757468322E70726F76696465722E4F417574683241757468656E7469636174696F6EBD400B02166252130200024C000D73746F7265645265717565737474003C4C6F72672F737072696E676672616D65776F726B2F73656375726974792F6F61757468322F70726F76696465722F4F4175746832526571756573743B4C00127573657241757468656E7469636174696F6E7400324C6F72672F737072696E676672616D65776F726B2F73656375726974792F636F72652F41757468656E7469636174696F6E3B787200476F72672E737072696E676672616D65776F726B2E73656375726974792E61757468656E7469636174696F6E2E416273747261637441757468656E7469636174696F6E546F6B656ED3AA287E6E47640E0200035A000D61757468656E746963617465644C000B617574686F7269746965737400164C6A6176612F7574696C2F436F6C6C656374696F6E3B4C000764657461696C737400124C6A6176612F6C616E672F4F626A6563743B787000737200266A6176612E7574696C2E436F6C6C656374696F6E7324556E6D6F6469666961626C654C6973743F2531B5EC3F0200014C00046C6973747400104C6A6176612F7574696C2F4C6973743B7872002C6A6176612E7574696C2E436F6C6C656374696F6E7324556E6D6F6469666961626C65436F6C6C656374696F6E19420080CB5E3F0200014C00016371007E00047870737200136A6176612E7574696C2E41727261794C6973747881D21D99C7613F000149000473697A6578700000000177040000000173720014696E74656C6C69662E766F2E526F6C65496E666F00000000000000010200054C0006636E4E616D657400124C6A6176612F6C616E672F537472696E673B4C000269647400104C6A6176612F6C616E672F4C6F6E673B4C00076D6F64756C657371007E000E4C00046E616D6571007E000E4C000672657349647371007E000E78720014696E74656C6C69662E766F2E496E666F42617365733F70D5FD1B3F00024C0007637265617465647400104C6A6176612F7574696C2F446174653B4C00077570646174656471007E00117870737200126A6176612E73716C2E54696D657374616D702618D5C80153BF650200014900056E616E6F737872000E6A6176612E7574696C2E44617465686A3F4B5974190300007870770800000153123130D878000000007371007E0013770800000153123130D8780000000074000FE8B685E7BAA7E7AEA1E79086E591987372000E6A6176612E6C616E672E4C6F6E673B8BE490CC3F3F00014A000576616C7565787200106A6176612E6C616E672E4E756D62657286AC3F0B94E03F00007870000000000000000174003B312C322C332C342C352C362C372C382C392C31302C31312C31322C31332C31342C31352C31362C31372C31382C31392C32302C32312C32322C323374000B53555045525F41444D494E7400FF3130312C3130322C3130332C3130342C3130352C3130362C3130372C3130382C3130392C3131302C3131312C3131322C3131332C3131342C3131352C3131362C3131372C3131382C3131392C3132302C3132312C3132322C3132332C3132342C3132352C3132362C3132372C3132382C3132392C3133302C3133312C3133322C3133332C3133342C3133352C3133362C3133392C3134302C3134312C3134322C3134332C3134342C3134352C3134362C3134372C3134382C3134392C3135302C3135312C3135322C3135332C3135342C3135352C3135362C3135372C3135382C3135392C3136302C3136312C313030302C313030302C313030302C3136322C7871007E000C707372003A6F72672E737072696E676672616D65776F726B2E73656375726974792E6F61757468322E70726F76696465722E4F41757468325265717565737400000000000000010200075A0008617070726F7665644C000B617574686F72697469657371007E00044C000A657874656E73696F6E7374000F4C6A6176612F7574696C2F4D61703B4C000B726564697265637455726971007E000E4C00077265667265736874003B4C6F72672F737072696E676672616D65776F726B2F73656375726974792F6F61757468322F70726F76696465722F546F6B656E526571756573743B4C000B7265736F7572636549647374000F4C6A6176612F7574696C2F5365743B4C000D726573706F6E7365547970657371007E0021787200386F72672E737072696E676672616D65776F726B2E73656375726974792E6F61757468322E70726F76696465722E426173655265717565737436287A3EA371693F00034C0008636C69656E74496471007E000E4C001172657175657374506172616D657465727371007E001F4C000573636F706571007E00217870740009636C69656E74617070737200256A6176612E7574696C2E436F6C6C656374696F6E7324556E6D6F6469666961626C654D6170F1A5A8FE743F420200014C00016D71007E001F7870737200116A6176612E7574696C2E486173684D61700507DAC13F603F000246000A6C6F6164466163746F724900097468726573686F6C6478703F4000000000000C7708000000100000000474000A6772616E745F7479706574000870617373776F726474000573636F706574000A72656164207772697465740009636C69656E745F6964740009636C69656E74617070740008757365726E616D657400037A786478737200256A6176612E7574696C2E436F6C6C656374696F6E7324556E6D6F6469666961626C65536574801D92D18F9B80550200007871007E0009737200176A6176612E7574696C2E4C696E6B656448617368536574D86CD75A95DD2A1E020000787200116A6176612E7574696C2E48617368536574BA44859596B83F0300007870770C000000103F4000000000000274000472656164740005777269746578017371007E0034770C000000103F40000000000001737200426F72672E737072696E676672616D65776F726B2E73656375726974792E636F72652E617574686F726974792E53696D706C654772616E746564417574686F72697479000000000000013F00014C0004726F6C6571007E000E787074000455534552787371007E00273F40000000000000770800000010000000007870707372001E6A6176612E7574696C2E436F6C6C656374696F6E7324456D70747953657415F5721D3F3F02000078707371007E0034770C000000103F40000000000000787372004F6F72672E737072696E676672616D65776F726B2E73656375726974792E61757468656E7469636174696F6E2E557365726E616D6550617373776F726441757468656E7469636174696F6E546F6B656E000000000000013F00024C000B63726564656E7469616C7371007E00054C00097072696E636970616C71007E00057871007E0003017371007E00077371007E000B0000000177040000000171007E00127871007E0043737200176A6176612E7574696C2E4C696E6B6564486173684D617034C04E5C106CC0FB0200015A000B6163636573734F726465727871007E00273F4000000000000C7708000000100000000571007E002971007E002A71007E002B71007E002C74000D636C69656E745F73656372657474000631323334353671007E002D71007E002E71007E002F71007E00307800707372004B696E74656C6C69662E736572766963652E696D706C2E5573657244657461696C7353657276696365496D706C24557365725265706F7369746F72794F417574685573657244657461696C73000000000000000102000078720014696E74656C6C69662E766F2E55736572496E666F000000000000000102000F4900036167654A000666616365496449000667656E6465725A00086861736C6F67696E4A000269644A000F706F6C69636553746174696F6E49644C000C63616D65726152696768747371007E000E4C0007656E6454696D6571007E00114C00056C6F67696E71007E000E4C00066D6F62696C6571007E000E4C00046E616D6571007E000E4C000870617373776F726471007E000E4C0004706F737471007E000E4C0007726F6C6549647371007E000E4C0009737461727454696D6571007E00117871007E001070700000000000000000000000000000000100000000000000000100000000000000017400007371007E001377080000024BCCA57C0078000000007400037A786471007E004B740009E98391E69993E4B89C74000631323334353674000CE4B880E7BAA7E8ADA6E59198740001317371007E00137708FFFFFFFFFE483F007800000000),
	('14611f29db7413d68b49b1fff5b77727', _binary 0xACED00057372004C6F72672E737072696E676672616D65776F726B2E73656375726974792E6F61757468322E636F6D6D6F6E2E44656661756C744578706972696E674F417574683252656672657368546F6B656E2FDF47639DD0C9B70200014C000A65787069726174696F6E7400104C6A6176612F7574696C2F446174653B787200446F72672E737072696E676672616D65776F726B2E73656375726974792E6F61757468322E636F6D6D6F6E2E44656661756C744F417574683252656672657368546F6B656E733F0A6354D45E0200014C000576616C75657400124C6A6176612F6C616E672F537472696E673B787074002434623132323665312D303061372D343264332D386164642D3037623634653831326435637372000E6A6176612E7574696C2E44617465686A3F4B597419030000787077080000015B18C8734578, _binary 0xACED0005737200416F72672E737072696E676672616D65776F726B2E73656375726974792E6F61757468322E70726F76696465722E4F417574683241757468656E7469636174696F6EBD400B02166252130200024C000D73746F7265645265717565737474003C4C6F72672F737072696E676672616D65776F726B2F73656375726974792F6F61757468322F70726F76696465722F4F4175746832526571756573743B4C00127573657241757468656E7469636174696F6E7400324C6F72672F737072696E676672616D65776F726B2F73656375726974792F636F72652F41757468656E7469636174696F6E3B787200476F72672E737072696E676672616D65776F726B2E73656375726974792E61757468656E7469636174696F6E2E416273747261637441757468656E7469636174696F6E546F6B656ED3AA287E6E47640E0200035A000D61757468656E746963617465644C000B617574686F7269746965737400164C6A6176612F7574696C2F436F6C6C656374696F6E3B4C000764657461696C737400124C6A6176612F6C616E672F4F626A6563743B787000737200266A6176612E7574696C2E436F6C6C656374696F6E7324556E6D6F6469666961626C654C6973743F2531B5EC3F0200014C00046C6973747400104C6A6176612F7574696C2F4C6973743B7872002C6A6176612E7574696C2E436F6C6C656374696F6E7324556E6D6F6469666961626C65436F6C6C656374696F6E19420080CB5E3F0200014C00016371007E00047870737200136A6176612E7574696C2E41727261794C6973747881D21D99C7613F000149000473697A6578700000000177040000000173720014696E74656C6C69662E766F2E526F6C65496E666F00000000000000010200054C0006636E4E616D657400124C6A6176612F6C616E672F537472696E673B4C000269647400104C6A6176612F6C616E672F4C6F6E673B4C00076D6F64756C657371007E000E4C00046E616D6571007E000E4C000672657349647371007E000E78720014696E74656C6C69662E766F2E496E666F42617365733F70D5FD1B3F00024C0007637265617465647400104C6A6176612F7574696C2F446174653B4C00077570646174656471007E00117870737200126A6176612E73716C2E54696D657374616D702618D5C80153BF650200014900056E616E6F737872000E6A6176612E7574696C2E44617465686A3F4B5974190300007870770800000153123130D878000000007371007E0013770800000153123130D8780000000074000FE8B685E7BAA7E7AEA1E79086E591987372000E6A6176612E6C616E672E4C6F6E673B8BE490CC3F3F00014A000576616C7565787200106A6176612E6C616E672E4E756D62657286AC3F0B94E03F00007870000000000000000174003B312C322C332C342C352C362C372C382C392C31302C31312C31322C31332C31342C31352C31362C31372C31382C31392C32302C32312C32322C323374000B53555045525F41444D494E7400FF3130312C3130322C3130332C3130342C3130352C3130362C3130372C3130382C3130392C3131302C3131312C3131322C3131332C3131342C3131352C3131362C3131372C3131382C3131392C3132302C3132312C3132322C3132332C3132342C3132352C3132362C3132372C3132382C3132392C3133302C3133312C3133322C3133332C3133342C3133352C3133362C3133392C3134302C3134312C3134322C3134332C3134342C3134352C3134362C3134372C3134382C3134392C3135302C3135312C3135322C3135332C3135342C3135352C3135362C3135372C3135382C3135392C3136302C3136312C313030302C313030302C313030302C3136322C7871007E000C707372003A6F72672E737072696E676672616D65776F726B2E73656375726974792E6F61757468322E70726F76696465722E4F41757468325265717565737400000000000000010200075A0008617070726F7665644C000B617574686F72697469657371007E00044C000A657874656E73696F6E7374000F4C6A6176612F7574696C2F4D61703B4C000B726564697265637455726971007E000E4C00077265667265736874003B4C6F72672F737072696E676672616D65776F726B2F73656375726974792F6F61757468322F70726F76696465722F546F6B656E526571756573743B4C000B7265736F7572636549647374000F4C6A6176612F7574696C2F5365743B4C000D726573706F6E7365547970657371007E0021787200386F72672E737072696E676672616D65776F726B2E73656375726974792E6F61757468322E70726F76696465722E426173655265717565737436287A3EA371693F00034C0008636C69656E74496471007E000E4C001172657175657374506172616D657465727371007E001F4C000573636F706571007E00217870740009636C69656E74617070737200256A6176612E7574696C2E436F6C6C656374696F6E7324556E6D6F6469666961626C654D6170F1A5A8FE743F420200014C00016D71007E001F7870737200116A6176612E7574696C2E486173684D61700507DAC13F603F000246000A6C6F6164466163746F724900097468726573686F6C6478703F4000000000000C7708000000100000000474000A6772616E745F7479706574000870617373776F726474000573636F706574000A72656164207772697465740009636C69656E745F6964740009636C69656E74617070740008757365726E616D657400037A786478737200256A6176612E7574696C2E436F6C6C656374696F6E7324556E6D6F6469666961626C65536574801D92D18F9B80550200007871007E0009737200176A6176612E7574696C2E4C696E6B656448617368536574D86CD75A95DD2A1E020000787200116A6176612E7574696C2E48617368536574BA44859596B83F0300007870770C000000103F4000000000000274000472656164740005777269746578017371007E0034770C000000103F40000000000001737200426F72672E737072696E676672616D65776F726B2E73656375726974792E636F72652E617574686F726974792E53696D706C654772616E746564417574686F72697479000000000000013F00014C0004726F6C6571007E000E787074000455534552787371007E00273F40000000000000770800000010000000007870707372001E6A6176612E7574696C2E436F6C6C656374696F6E7324456D70747953657415F5721D3F3F02000078707371007E0034770C000000103F40000000000000787372004F6F72672E737072696E676672616D65776F726B2E73656375726974792E61757468656E7469636174696F6E2E557365726E616D6550617373776F726441757468656E7469636174696F6E546F6B656E000000000000013F00024C000B63726564656E7469616C7371007E00054C00097072696E636970616C71007E00057871007E0003017371007E00077371007E000B0000000177040000000171007E00127871007E0043737200176A6176612E7574696C2E4C696E6B6564486173684D617034C04E5C106CC0FB0200015A000B6163636573734F726465727871007E00273F4000000000000C7708000000100000000571007E002971007E002A71007E002B71007E002C74000D636C69656E745F73656372657474000631323334353671007E002D71007E002E71007E002F71007E00307800707372004B696E74656C6C69662E736572766963652E696D706C2E5573657244657461696C7353657276696365496D706C24557365725265706F7369746F72794F417574685573657244657461696C73000000000000000102000078720014696E74656C6C69662E766F2E55736572496E666F000000000000000102000F4900036167654A000666616365496449000667656E6465725A00086861736C6F67696E4A000269644A000F706F6C69636553746174696F6E49644C000C63616D65726152696768747371007E000E4C0007656E6454696D6571007E00114C00056C6F67696E71007E000E4C00066D6F62696C6571007E000E4C00046E616D6571007E000E4C000870617373776F726471007E000E4C0004706F737471007E000E4C0007726F6C6549647371007E000E4C0009737461727454696D6571007E00117871007E001070700000000000000000000000000000000100000000000000000100000000000000017400007371007E001377080000024BCCA57C0078000000007400037A786471007E004B740009E98391E69993E4B89C74000631323334353674000CE4B880E7BAA7E8ADA6E59198740001317371007E00137708FFFFFFFFFE483F007800000000),
	('51d7f233fab25d1ac83e1fa544670a74', _binary 0xACED00057372004C6F72672E737072696E676672616D65776F726B2E73656375726974792E6F61757468322E636F6D6D6F6E2E44656661756C744578706972696E674F417574683252656672657368546F6B656E2FDF47639DD0C9B70200014C000A65787069726174696F6E7400104C6A6176612F7574696C2F446174653B787200446F72672E737072696E676672616D65776F726B2E73656375726974792E6F61757468322E636F6D6D6F6E2E44656661756C744F417574683252656672657368546F6B656E733F0A6354D45E0200014C000576616C75657400124C6A6176612F6C616E672F537472696E673B787074002433653764383565662D373133662D343366632D623965302D6339353932373431383165657372000E6A6176612E7574696C2E44617465686A3F4B597419030000787077080000015B18CAF5CE78, _binary 0xACED0005737200416F72672E737072696E676672616D65776F726B2E73656375726974792E6F61757468322E70726F76696465722E4F417574683241757468656E7469636174696F6EBD400B02166252130200024C000D73746F7265645265717565737474003C4C6F72672F737072696E676672616D65776F726B2F73656375726974792F6F61757468322F70726F76696465722F4F4175746832526571756573743B4C00127573657241757468656E7469636174696F6E7400324C6F72672F737072696E676672616D65776F726B2F73656375726974792F636F72652F41757468656E7469636174696F6E3B787200476F72672E737072696E676672616D65776F726B2E73656375726974792E61757468656E7469636174696F6E2E416273747261637441757468656E7469636174696F6E546F6B656ED3AA287E6E47640E0200035A000D61757468656E746963617465644C000B617574686F7269746965737400164C6A6176612F7574696C2F436F6C6C656374696F6E3B4C000764657461696C737400124C6A6176612F6C616E672F4F626A6563743B787000737200266A6176612E7574696C2E436F6C6C656374696F6E7324556E6D6F6469666961626C654C6973743F2531B5EC3F0200014C00046C6973747400104C6A6176612F7574696C2F4C6973743B7872002C6A6176612E7574696C2E436F6C6C656374696F6E7324556E6D6F6469666961626C65436F6C6C656374696F6E19420080CB5E3F0200014C00016371007E00047870737200136A6176612E7574696C2E41727261794C6973747881D21D99C7613F000149000473697A6578700000000177040000000173720014696E74656C6C69662E766F2E526F6C65496E666F00000000000000010200054C0006636E4E616D657400124C6A6176612F6C616E672F537472696E673B4C000269647400104C6A6176612F6C616E672F4C6F6E673B4C00076D6F64756C657371007E000E4C00046E616D6571007E000E4C000672657349647371007E000E78720014696E74656C6C69662E766F2E496E666F42617365733F70D5FD1B3F00024C0007637265617465647400104C6A6176612F7574696C2F446174653B4C00077570646174656471007E00117870737200126A6176612E73716C2E54696D657374616D702618D5C80153BF650200014900056E616E6F737872000E6A6176612E7574696C2E44617465686A3F4B5974190300007870770800000153123130D878000000007371007E0013770800000153123130D8780000000074000FE8B685E7BAA7E7AEA1E79086E591987372000E6A6176612E6C616E672E4C6F6E673B8BE490CC3F3F00014A000576616C7565787200106A6176612E6C616E672E4E756D62657286AC3F0B94E03F00007870000000000000000174003B312C322C332C342C352C362C372C382C392C31302C31312C31322C31332C31342C31352C31362C31372C31382C31392C32302C32312C32322C323374000B53555045525F41444D494E7400FF3130312C3130322C3130332C3130342C3130352C3130362C3130372C3130382C3130392C3131302C3131312C3131322C3131332C3131342C3131352C3131362C3131372C3131382C3131392C3132302C3132312C3132322C3132332C3132342C3132352C3132362C3132372C3132382C3132392C3133302C3133312C3133322C3133332C3133342C3133352C3133362C3133392C3134302C3134312C3134322C3134332C3134342C3134352C3134362C3134372C3134382C3134392C3135302C3135312C3135322C3135332C3135342C3135352C3135362C3135372C3135382C3135392C3136302C3136312C313030302C313030302C313030302C3136322C7871007E000C707372003A6F72672E737072696E676672616D65776F726B2E73656375726974792E6F61757468322E70726F76696465722E4F41757468325265717565737400000000000000010200075A0008617070726F7665644C000B617574686F72697469657371007E00044C000A657874656E73696F6E7374000F4C6A6176612F7574696C2F4D61703B4C000B726564697265637455726971007E000E4C00077265667265736874003B4C6F72672F737072696E676672616D65776F726B2F73656375726974792F6F61757468322F70726F76696465722F546F6B656E526571756573743B4C000B7265736F7572636549647374000F4C6A6176612F7574696C2F5365743B4C000D726573706F6E7365547970657371007E0021787200386F72672E737072696E676672616D65776F726B2E73656375726974792E6F61757468322E70726F76696465722E426173655265717565737436287A3EA371693F00034C0008636C69656E74496471007E000E4C001172657175657374506172616D657465727371007E001F4C000573636F706571007E00217870740009636C69656E74617070737200256A6176612E7574696C2E436F6C6C656374696F6E7324556E6D6F6469666961626C654D6170F1A5A8FE743F420200014C00016D71007E001F7870737200116A6176612E7574696C2E486173684D61700507DAC13F603F000246000A6C6F6164466163746F724900097468726573686F6C6478703F4000000000000C7708000000100000000474000A6772616E745F7479706574000870617373776F726474000573636F706574000A72656164207772697465740009636C69656E745F6964740009636C69656E74617070740008757365726E616D657400037A786478737200256A6176612E7574696C2E436F6C6C656374696F6E7324556E6D6F6469666961626C65536574801D92D18F9B80550200007871007E0009737200176A6176612E7574696C2E4C696E6B656448617368536574D86CD75A95DD2A1E020000787200116A6176612E7574696C2E48617368536574BA44859596B83F0300007870770C000000103F4000000000000274000472656164740005777269746578017371007E0034770C000000103F40000000000001737200426F72672E737072696E676672616D65776F726B2E73656375726974792E636F72652E617574686F726974792E53696D706C654772616E746564417574686F72697479000000000000013F00014C0004726F6C6571007E000E787074000455534552787371007E00273F40000000000000770800000010000000007870707372001E6A6176612E7574696C2E436F6C6C656374696F6E7324456D70747953657415F5721D3F3F02000078707371007E0034770C000000103F40000000000000787372004F6F72672E737072696E676672616D65776F726B2E73656375726974792E61757468656E7469636174696F6E2E557365726E616D6550617373776F726441757468656E7469636174696F6E546F6B656E000000000000013F00024C000B63726564656E7469616C7371007E00054C00097072696E636970616C71007E00057871007E0003017371007E00077371007E000B0000000177040000000171007E00127871007E0043737200176A6176612E7574696C2E4C696E6B6564486173684D617034C04E5C106CC0FB0200015A000B6163636573734F726465727871007E00273F4000000000000C7708000000100000000571007E002971007E002A71007E002B71007E002C74000D636C69656E745F73656372657474000631323334353671007E002D71007E002E71007E002F71007E00307800707372004B696E74656C6C69662E736572766963652E696D706C2E5573657244657461696C7353657276696365496D706C24557365725265706F7369746F72794F417574685573657244657461696C73000000000000000102000078720014696E74656C6C69662E766F2E55736572496E666F000000000000000102000F4900036167654A000666616365496449000667656E6465725A00086861736C6F67696E4A000269644A000F706F6C69636553746174696F6E49644C000C63616D65726152696768747371007E000E4C0007656E6454696D6571007E00114C00056C6F67696E71007E000E4C00066D6F62696C6571007E000E4C00046E616D6571007E000E4C000870617373776F726471007E000E4C0004706F737471007E000E4C0007726F6C6549647371007E000E4C0009737461727454696D6571007E00117871007E001070700000000000000000000000000000000100000000000000000100000000000000017400007371007E001377080000024BCCA57C0078000000007400037A786471007E004B740009E98391E69993E4B89C74000631323334353674000CE4B880E7BAA7E8ADA6E59198740001317371007E00137708FFFFFFFFFE483F007800000000),
	('b364eeaf1d0ca5ac52b4d9a4cef8f48b', _binary 0xACED00057372004C6F72672E737072696E676672616D65776F726B2E73656375726974792E6F61757468322E636F6D6D6F6E2E44656661756C744578706972696E674F417574683252656672657368546F6B656E2FDF47639DD0C9B70200014C000A65787069726174696F6E7400104C6A6176612F7574696C2F446174653B787200446F72672E737072696E676672616D65776F726B2E73656375726974792E6F61757468322E636F6D6D6F6E2E44656661756C744F417574683252656672657368546F6B656E733F0A6354D45E0200014C000576616C75657400124C6A6176612F6C616E672F537472696E673B787074002466393030363536302D653166352D343466622D393732372D6331383237356638663736647372000E6A6176612E7574696C2E44617465686A3F4B597419030000787077080000015B18D1916178, _binary 0xACED0005737200416F72672E737072696E676672616D65776F726B2E73656375726974792E6F61757468322E70726F76696465722E4F417574683241757468656E7469636174696F6EBD400B02166252130200024C000D73746F7265645265717565737474003C4C6F72672F737072696E676672616D65776F726B2F73656375726974792F6F61757468322F70726F76696465722F4F4175746832526571756573743B4C00127573657241757468656E7469636174696F6E7400324C6F72672F737072696E676672616D65776F726B2F73656375726974792F636F72652F41757468656E7469636174696F6E3B787200476F72672E737072696E676672616D65776F726B2E73656375726974792E61757468656E7469636174696F6E2E416273747261637441757468656E7469636174696F6E546F6B656ED3AA287E6E47640E0200035A000D61757468656E746963617465644C000B617574686F7269746965737400164C6A6176612F7574696C2F436F6C6C656374696F6E3B4C000764657461696C737400124C6A6176612F6C616E672F4F626A6563743B787000737200266A6176612E7574696C2E436F6C6C656374696F6E7324556E6D6F6469666961626C654C6973743F2531B5EC3F0200014C00046C6973747400104C6A6176612F7574696C2F4C6973743B7872002C6A6176612E7574696C2E436F6C6C656374696F6E7324556E6D6F6469666961626C65436F6C6C656374696F6E19420080CB5E3F0200014C00016371007E00047870737200136A6176612E7574696C2E41727261794C6973747881D21D99C7613F000149000473697A6578700000000177040000000173720014696E74656C6C69662E766F2E526F6C65496E666F00000000000000010200054C0006636E4E616D657400124C6A6176612F6C616E672F537472696E673B4C000269647400104C6A6176612F6C616E672F4C6F6E673B4C00076D6F64756C657371007E000E4C00046E616D6571007E000E4C000672657349647371007E000E78720014696E74656C6C69662E766F2E496E666F42617365733F70D5FD1B3F00024C0007637265617465647400104C6A6176612F7574696C2F446174653B4C00077570646174656471007E00117870737200126A6176612E73716C2E54696D657374616D702618D5C80153BF650200014900056E616E6F737872000E6A6176612E7574696C2E44617465686A3F4B5974190300007870770800000153123130D878000000007371007E0013770800000153123130D8780000000074000FE8B685E7BAA7E7AEA1E79086E591987372000E6A6176612E6C616E672E4C6F6E673B8BE490CC3F3F00014A000576616C7565787200106A6176612E6C616E672E4E756D62657286AC3F0B94E03F00007870000000000000000174003B312C322C332C342C352C362C372C382C392C31302C31312C31322C31332C31342C31352C31362C31372C31382C31392C32302C32312C32322C323374000B53555045525F41444D494E7400FF3130312C3130322C3130332C3130342C3130352C3130362C3130372C3130382C3130392C3131302C3131312C3131322C3131332C3131342C3131352C3131362C3131372C3131382C3131392C3132302C3132312C3132322C3132332C3132342C3132352C3132362C3132372C3132382C3132392C3133302C3133312C3133322C3133332C3133342C3133352C3133362C3133392C3134302C3134312C3134322C3134332C3134342C3134352C3134362C3134372C3134382C3134392C3135302C3135312C3135322C3135332C3135342C3135352C3135362C3135372C3135382C3135392C3136302C3136312C313030302C313030302C313030302C3136322C7871007E000C707372003A6F72672E737072696E676672616D65776F726B2E73656375726974792E6F61757468322E70726F76696465722E4F41757468325265717565737400000000000000010200075A0008617070726F7665644C000B617574686F72697469657371007E00044C000A657874656E73696F6E7374000F4C6A6176612F7574696C2F4D61703B4C000B726564697265637455726971007E000E4C00077265667265736874003B4C6F72672F737072696E676672616D65776F726B2F73656375726974792F6F61757468322F70726F76696465722F546F6B656E526571756573743B4C000B7265736F7572636549647374000F4C6A6176612F7574696C2F5365743B4C000D726573706F6E7365547970657371007E0021787200386F72672E737072696E676672616D65776F726B2E73656375726974792E6F61757468322E70726F76696465722E426173655265717565737436287A3EA371693F00034C0008636C69656E74496471007E000E4C001172657175657374506172616D657465727371007E001F4C000573636F706571007E00217870740009636C69656E74617070737200256A6176612E7574696C2E436F6C6C656374696F6E7324556E6D6F6469666961626C654D6170F1A5A8FE743F420200014C00016D71007E001F7870737200116A6176612E7574696C2E486173684D61700507DAC13F603F000246000A6C6F6164466163746F724900097468726573686F6C6478703F4000000000000C7708000000100000000474000A6772616E745F7479706574000870617373776F726474000573636F706574000A72656164207772697465740009636C69656E745F6964740009636C69656E74617070740008757365726E616D657400037A786478737200256A6176612E7574696C2E436F6C6C656374696F6E7324556E6D6F6469666961626C65536574801D92D18F9B80550200007871007E0009737200176A6176612E7574696C2E4C696E6B656448617368536574D86CD75A95DD2A1E020000787200116A6176612E7574696C2E48617368536574BA44859596B83F0300007870770C000000103F4000000000000274000472656164740005777269746578017371007E0034770C000000103F40000000000001737200426F72672E737072696E676672616D65776F726B2E73656375726974792E636F72652E617574686F726974792E53696D706C654772616E746564417574686F72697479000000000000013F00014C0004726F6C6571007E000E787074000455534552787371007E00273F40000000000000770800000010000000007870707372001E6A6176612E7574696C2E436F6C6C656374696F6E7324456D70747953657415F5721D3F3F02000078707371007E0034770C000000103F40000000000000787372004F6F72672E737072696E676672616D65776F726B2E73656375726974792E61757468656E7469636174696F6E2E557365726E616D6550617373776F726441757468656E7469636174696F6E546F6B656E000000000000013F00024C000B63726564656E7469616C7371007E00054C00097072696E636970616C71007E00057871007E0003017371007E00077371007E000B0000000177040000000171007E00127871007E0043737200176A6176612E7574696C2E4C696E6B6564486173684D617034C04E5C106CC0FB0200015A000B6163636573734F726465727871007E00273F4000000000000C7708000000100000000571007E002971007E002A71007E002B71007E002C74000D636C69656E745F73656372657474000631323334353671007E002D71007E002E71007E002F71007E00307800707372004B696E74656C6C69662E736572766963652E696D706C2E5573657244657461696C7353657276696365496D706C24557365725265706F7369746F72794F417574685573657244657461696C73000000000000000102000078720014696E74656C6C69662E766F2E55736572496E666F000000000000000102000F4900036167654A000666616365496449000667656E6465725A00086861736C6F67696E4A000269644A000F706F6C69636553746174696F6E49644C000C63616D65726152696768747371007E000E4C0007656E6454696D6571007E00114C00056C6F67696E71007E000E4C00066D6F62696C6571007E000E4C00046E616D6571007E000E4C000870617373776F726471007E000E4C0004706F737471007E000E4C0007726F6C6549647371007E000E4C0009737461727454696D6571007E00117871007E001070700000000000000000000000000000000100000000000000000100000000000000017400007371007E001377080000024BCCA57C0078000000007400037A786471007E004B740009E98391E69993E4B89C74000631323334353674000CE4B880E7BAA7E8ADA6E59198740001317371007E00137708FFFFFFFFFE483F007800000000),
	('7efb93ae9154baacb248067d681e6126', _binary 0xACED00057372004C6F72672E737072696E676672616D65776F726B2E73656375726974792E6F61757468322E636F6D6D6F6E2E44656661756C744578706972696E674F417574683252656672657368546F6B656E2FDF47639DD0C9B70200014C000A65787069726174696F6E7400104C6A6176612F7574696C2F446174653B787200446F72672E737072696E676672616D65776F726B2E73656375726974792E6F61757468322E636F6D6D6F6E2E44656661756C744F417574683252656672657368546F6B656E733F0A6354D45E0200014C000576616C75657400124C6A6176612F6C616E672F537472696E673B787074002433323739343764342D656565392D346433382D393036342D3262626265333963363263617372000E6A6176612E7574696C2E44617465686A3F4B597419030000787077080000015B18D2EAF178, _binary 0xACED0005737200416F72672E737072696E676672616D65776F726B2E73656375726974792E6F61757468322E70726F76696465722E4F417574683241757468656E7469636174696F6EBD400B02166252130200024C000D73746F7265645265717565737474003C4C6F72672F737072696E676672616D65776F726B2F73656375726974792F6F61757468322F70726F76696465722F4F4175746832526571756573743B4C00127573657241757468656E7469636174696F6E7400324C6F72672F737072696E676672616D65776F726B2F73656375726974792F636F72652F41757468656E7469636174696F6E3B787200476F72672E737072696E676672616D65776F726B2E73656375726974792E61757468656E7469636174696F6E2E416273747261637441757468656E7469636174696F6E546F6B656ED3AA287E6E47640E0200035A000D61757468656E746963617465644C000B617574686F7269746965737400164C6A6176612F7574696C2F436F6C6C656374696F6E3B4C000764657461696C737400124C6A6176612F6C616E672F4F626A6563743B787000737200266A6176612E7574696C2E436F6C6C656374696F6E7324556E6D6F6469666961626C654C6973743F2531B5EC3F0200014C00046C6973747400104C6A6176612F7574696C2F4C6973743B7872002C6A6176612E7574696C2E436F6C6C656374696F6E7324556E6D6F6469666961626C65436F6C6C656374696F6E19420080CB5E3F0200014C00016371007E00047870737200136A6176612E7574696C2E41727261794C6973747881D21D99C7613F000149000473697A6578700000000177040000000173720014696E74656C6C69662E766F2E526F6C65496E666F00000000000000010200054C0006636E4E616D657400124C6A6176612F6C616E672F537472696E673B4C000269647400104C6A6176612F6C616E672F4C6F6E673B4C00076D6F64756C657371007E000E4C00046E616D6571007E000E4C000672657349647371007E000E78720014696E74656C6C69662E766F2E496E666F42617365733F70D5FD1B3F00024C0007637265617465647400104C6A6176612F7574696C2F446174653B4C00077570646174656471007E00117870737200126A6176612E73716C2E54696D657374616D702618D5C80153BF650200014900056E616E6F737872000E6A6176612E7574696C2E44617465686A3F4B5974190300007870770800000153123130D878000000007371007E0013770800000153123130D8780000000074000FE8B685E7BAA7E7AEA1E79086E591987372000E6A6176612E6C616E672E4C6F6E673B8BE490CC3F3F00014A000576616C7565787200106A6176612E6C616E672E4E756D62657286AC3F0B94E03F00007870000000000000000174003B312C322C332C342C352C362C372C382C392C31302C31312C31322C31332C31342C31352C31362C31372C31382C31392C32302C32312C32322C323374000B53555045525F41444D494E7400FF3130312C3130322C3130332C3130342C3130352C3130362C3130372C3130382C3130392C3131302C3131312C3131322C3131332C3131342C3131352C3131362C3131372C3131382C3131392C3132302C3132312C3132322C3132332C3132342C3132352C3132362C3132372C3132382C3132392C3133302C3133312C3133322C3133332C3133342C3133352C3133362C3133392C3134302C3134312C3134322C3134332C3134342C3134352C3134362C3134372C3134382C3134392C3135302C3135312C3135322C3135332C3135342C3135352C3135362C3135372C3135382C3135392C3136302C3136312C313030302C313030302C313030302C3136322C7871007E000C707372003A6F72672E737072696E676672616D65776F726B2E73656375726974792E6F61757468322E70726F76696465722E4F41757468325265717565737400000000000000010200075A0008617070726F7665644C000B617574686F72697469657371007E00044C000A657874656E73696F6E7374000F4C6A6176612F7574696C2F4D61703B4C000B726564697265637455726971007E000E4C00077265667265736874003B4C6F72672F737072696E676672616D65776F726B2F73656375726974792F6F61757468322F70726F76696465722F546F6B656E526571756573743B4C000B7265736F7572636549647374000F4C6A6176612F7574696C2F5365743B4C000D726573706F6E7365547970657371007E0021787200386F72672E737072696E676672616D65776F726B2E73656375726974792E6F61757468322E70726F76696465722E426173655265717565737436287A3EA371693F00034C0008636C69656E74496471007E000E4C001172657175657374506172616D657465727371007E001F4C000573636F706571007E00217870740009636C69656E74617070737200256A6176612E7574696C2E436F6C6C656374696F6E7324556E6D6F6469666961626C654D6170F1A5A8FE743F420200014C00016D71007E001F7870737200116A6176612E7574696C2E486173684D61700507DAC13F603F000246000A6C6F6164466163746F724900097468726573686F6C6478703F4000000000000C7708000000100000000474000A6772616E745F7479706574000870617373776F726474000573636F706574000A72656164207772697465740009636C69656E745F6964740009636C69656E74617070740008757365726E616D657400037A786478737200256A6176612E7574696C2E436F6C6C656374696F6E7324556E6D6F6469666961626C65536574801D92D18F9B80550200007871007E0009737200176A6176612E7574696C2E4C696E6B656448617368536574D86CD75A95DD2A1E020000787200116A6176612E7574696C2E48617368536574BA44859596B83F0300007870770C000000103F4000000000000274000472656164740005777269746578017371007E0034770C000000103F40000000000001737200426F72672E737072696E676672616D65776F726B2E73656375726974792E636F72652E617574686F726974792E53696D706C654772616E746564417574686F72697479000000000000013F00014C0004726F6C6571007E000E787074000455534552787371007E00273F40000000000000770800000010000000007870707372001E6A6176612E7574696C2E436F6C6C656374696F6E7324456D70747953657415F5721D3F3F02000078707371007E0034770C000000103F40000000000000787372004F6F72672E737072696E676672616D65776F726B2E73656375726974792E61757468656E7469636174696F6E2E557365726E616D6550617373776F726441757468656E7469636174696F6E546F6B656E000000000000013F00024C000B63726564656E7469616C7371007E00054C00097072696E636970616C71007E00057871007E0003017371007E00077371007E000B0000000177040000000171007E00127871007E0043737200176A6176612E7574696C2E4C696E6B6564486173684D617034C04E5C106CC0FB0200015A000B6163636573734F726465727871007E00273F4000000000000C7708000000100000000571007E002971007E002A71007E002B71007E002C74000D636C69656E745F73656372657474000631323334353671007E002D71007E002E71007E002F71007E00307800707372004B696E74656C6C69662E736572766963652E696D706C2E5573657244657461696C7353657276696365496D706C24557365725265706F7369746F72794F417574685573657244657461696C73000000000000000102000078720014696E74656C6C69662E766F2E55736572496E666F000000000000000102000F4900036167654A000666616365496449000667656E6465725A00086861736C6F67696E4A000269644A000F706F6C69636553746174696F6E49644C000C63616D65726152696768747371007E000E4C0007656E6454696D6571007E00114C00056C6F67696E71007E000E4C00066D6F62696C6571007E000E4C00046E616D6571007E000E4C000870617373776F726471007E000E4C0004706F737471007E000E4C0007726F6C6549647371007E000E4C0009737461727454696D6571007E00117871007E001070700000000000000000000000000000000100000000000000000100000000000000017400007371007E001377080000024BCCA57C0078000000007400037A786471007E004B740009E98391E69993E4B89C74000631323334353674000CE4B880E7BAA7E8ADA6E59198740001317371007E00137708FFFFFFFFFE483F007800000000),
	('025a50eccc7f4230e9a7cb56269e62e6', _binary 0xACED00057372004C6F72672E737072696E676672616D65776F726B2E73656375726974792E6F61757468322E636F6D6D6F6E2E44656661756C744578706972696E674F417574683252656672657368546F6B656E2FDF47639DD0C9B70200014C000A65787069726174696F6E7400104C6A6176612F7574696C2F446174653B787200446F72672E737072696E676672616D65776F726B2E73656375726974792E6F61757468322E636F6D6D6F6E2E44656661756C744F417574683252656672657368546F6B656E733F0A6354D45E0200014C000576616C75657400124C6A6176612F6C616E672F537472696E673B787074002439333062366161382D323935342D346331332D383133642D3233643134613538393037657372000E6A6176612E7574696C2E44617465686A3F4B597419030000787077080000015B18D2EECE78, _binary 0xACED0005737200416F72672E737072696E676672616D65776F726B2E73656375726974792E6F61757468322E70726F76696465722E4F417574683241757468656E7469636174696F6EBD400B02166252130200024C000D73746F7265645265717565737474003C4C6F72672F737072696E676672616D65776F726B2F73656375726974792F6F61757468322F70726F76696465722F4F4175746832526571756573743B4C00127573657241757468656E7469636174696F6E7400324C6F72672F737072696E676672616D65776F726B2F73656375726974792F636F72652F41757468656E7469636174696F6E3B787200476F72672E737072696E676672616D65776F726B2E73656375726974792E61757468656E7469636174696F6E2E416273747261637441757468656E7469636174696F6E546F6B656ED3AA287E6E47640E0200035A000D61757468656E746963617465644C000B617574686F7269746965737400164C6A6176612F7574696C2F436F6C6C656374696F6E3B4C000764657461696C737400124C6A6176612F6C616E672F4F626A6563743B787000737200266A6176612E7574696C2E436F6C6C656374696F6E7324556E6D6F6469666961626C654C6973743F2531B5EC3F0200014C00046C6973747400104C6A6176612F7574696C2F4C6973743B7872002C6A6176612E7574696C2E436F6C6C656374696F6E7324556E6D6F6469666961626C65436F6C6C656374696F6E19420080CB5E3F0200014C00016371007E00047870737200136A6176612E7574696C2E41727261794C6973747881D21D99C7613F000149000473697A6578700000000177040000000173720014696E74656C6C69662E766F2E526F6C65496E666F00000000000000010200054C0006636E4E616D657400124C6A6176612F6C616E672F537472696E673B4C000269647400104C6A6176612F6C616E672F4C6F6E673B4C00076D6F64756C657371007E000E4C00046E616D6571007E000E4C000672657349647371007E000E78720014696E74656C6C69662E766F2E496E666F42617365733F70D5FD1B3F00024C0007637265617465647400104C6A6176612F7574696C2F446174653B4C00077570646174656471007E00117870737200126A6176612E73716C2E54696D657374616D702618D5C80153BF650200014900056E616E6F737872000E6A6176612E7574696C2E44617465686A3F4B5974190300007870770800000153123130D878000000007371007E0013770800000153123130D8780000000074000FE8B685E7BAA7E7AEA1E79086E591987372000E6A6176612E6C616E672E4C6F6E673B8BE490CC3F3F00014A000576616C7565787200106A6176612E6C616E672E4E756D62657286AC3F0B94E03F00007870000000000000000174003B312C322C332C342C352C362C372C382C392C31302C31312C31322C31332C31342C31352C31362C31372C31382C31392C32302C32312C32322C323374000B53555045525F41444D494E7400FF3130312C3130322C3130332C3130342C3130352C3130362C3130372C3130382C3130392C3131302C3131312C3131322C3131332C3131342C3131352C3131362C3131372C3131382C3131392C3132302C3132312C3132322C3132332C3132342C3132352C3132362C3132372C3132382C3132392C3133302C3133312C3133322C3133332C3133342C3133352C3133362C3133392C3134302C3134312C3134322C3134332C3134342C3134352C3134362C3134372C3134382C3134392C3135302C3135312C3135322C3135332C3135342C3135352C3135362C3135372C3135382C3135392C3136302C3136312C313030302C313030302C313030302C3136322C7871007E000C707372003A6F72672E737072696E676672616D65776F726B2E73656375726974792E6F61757468322E70726F76696465722E4F41757468325265717565737400000000000000010200075A0008617070726F7665644C000B617574686F72697469657371007E00044C000A657874656E73696F6E7374000F4C6A6176612F7574696C2F4D61703B4C000B726564697265637455726971007E000E4C00077265667265736874003B4C6F72672F737072696E676672616D65776F726B2F73656375726974792F6F61757468322F70726F76696465722F546F6B656E526571756573743B4C000B7265736F7572636549647374000F4C6A6176612F7574696C2F5365743B4C000D726573706F6E7365547970657371007E0021787200386F72672E737072696E676672616D65776F726B2E73656375726974792E6F61757468322E70726F76696465722E426173655265717565737436287A3EA371693F00034C0008636C69656E74496471007E000E4C001172657175657374506172616D657465727371007E001F4C000573636F706571007E00217870740009636C69656E74617070737200256A6176612E7574696C2E436F6C6C656374696F6E7324556E6D6F6469666961626C654D6170F1A5A8FE743F420200014C00016D71007E001F7870737200116A6176612E7574696C2E486173684D61700507DAC13F603F000246000A6C6F6164466163746F724900097468726573686F6C6478703F4000000000000C7708000000100000000474000A6772616E745F7479706574000870617373776F726474000573636F706574000A72656164207772697465740009636C69656E745F6964740009636C69656E74617070740008757365726E616D657400037A786478737200256A6176612E7574696C2E436F6C6C656374696F6E7324556E6D6F6469666961626C65536574801D92D18F9B80550200007871007E0009737200176A6176612E7574696C2E4C696E6B656448617368536574D86CD75A95DD2A1E020000787200116A6176612E7574696C2E48617368536574BA44859596B83F0300007870770C000000103F4000000000000274000472656164740005777269746578017371007E0034770C000000103F40000000000001737200426F72672E737072696E676672616D65776F726B2E73656375726974792E636F72652E617574686F726974792E53696D706C654772616E746564417574686F72697479000000000000013F00014C0004726F6C6571007E000E787074000455534552787371007E00273F40000000000000770800000010000000007870707372001E6A6176612E7574696C2E436F6C6C656374696F6E7324456D70747953657415F5721D3F3F02000078707371007E0034770C000000103F40000000000000787372004F6F72672E737072696E676672616D65776F726B2E73656375726974792E61757468656E7469636174696F6E2E557365726E616D6550617373776F726441757468656E7469636174696F6E546F6B656E000000000000013F00024C000B63726564656E7469616C7371007E00054C00097072696E636970616C71007E00057871007E0003017371007E00077371007E000B0000000177040000000171007E00127871007E0043737200176A6176612E7574696C2E4C696E6B6564486173684D617034C04E5C106CC0FB0200015A000B6163636573734F726465727871007E00273F4000000000000C7708000000100000000571007E002971007E002A71007E002B71007E002C74000D636C69656E745F73656372657474000631323334353671007E002D71007E002E71007E002F71007E00307800707372004B696E74656C6C69662E736572766963652E696D706C2E5573657244657461696C7353657276696365496D706C24557365725265706F7369746F72794F417574685573657244657461696C73000000000000000102000078720014696E74656C6C69662E766F2E55736572496E666F000000000000000102000F4900036167654A000666616365496449000667656E6465725A00086861736C6F67696E4A000269644A000F706F6C69636553746174696F6E49644C000C63616D65726152696768747371007E000E4C0007656E6454696D6571007E00114C00056C6F67696E71007E000E4C00066D6F62696C6571007E000E4C00046E616D6571007E000E4C000870617373776F726471007E000E4C0004706F737471007E000E4C0007726F6C6549647371007E000E4C0009737461727454696D6571007E00117871007E001070700000000000000000000000000000000100000000000000000100000000000000017400007371007E001377080000024BCCA57C0078000000007400037A786471007E004B740009E98391E69993E4B89C74000631323334353674000CE4B880E7BAA7E8ADA6E59198740001317371007E00137708FFFFFFFFFE483F007800000000),
	('89f8895fd846bcb534843acaa96ff003', _binary 0xACED00057372004C6F72672E737072696E676672616D65776F726B2E73656375726974792E6F61757468322E636F6D6D6F6E2E44656661756C744578706972696E674F417574683252656672657368546F6B656E2FDF47639DD0C9B70200014C000A65787069726174696F6E7400104C6A6176612F7574696C2F446174653B787200446F72672E737072696E676672616D65776F726B2E73656375726974792E6F61757468322E636F6D6D6F6E2E44656661756C744F417574683252656672657368546F6B656E733F0A6354D45E0200014C000576616C75657400124C6A6176612F6C616E672F537472696E673B787074002432613932343961312D363237312D343230332D383330662D3239623134623931303935377372000E6A6176612E7574696C2E44617465686A3F4B597419030000787077080000015B183F6A78, _binary 0xACED0005737200416F72672E737072696E676672616D65776F726B2E73656375726974792E6F61757468322E70726F76696465722E4F417574683241757468656E7469636174696F6EBD400B02166252130200024C000D73746F7265645265717565737474003C4C6F72672F737072696E676672616D65776F726B2F73656375726974792F6F61757468322F70726F76696465722F4F4175746832526571756573743B4C00127573657241757468656E7469636174696F6E7400324C6F72672F737072696E676672616D65776F726B2F73656375726974792F636F72652F41757468656E7469636174696F6E3B787200476F72672E737072696E676672616D65776F726B2E73656375726974792E61757468656E7469636174696F6E2E416273747261637441757468656E7469636174696F6E546F6B656ED3AA287E6E47640E0200035A000D61757468656E746963617465644C000B617574686F7269746965737400164C6A6176612F7574696C2F436F6C6C656374696F6E3B4C000764657461696C737400124C6A6176612F6C616E672F4F626A6563743B787000737200266A6176612E7574696C2E436F6C6C656374696F6E7324556E6D6F6469666961626C654C6973743F2531B5EC3F0200014C00046C6973747400104C6A6176612F7574696C2F4C6973743B7872002C6A6176612E7574696C2E436F6C6C656374696F6E7324556E6D6F6469666961626C65436F6C6C656374696F6E19420080CB5E3F0200014C00016371007E00047870737200136A6176612E7574696C2E41727261794C6973747881D21D99C7613F000149000473697A6578700000000177040000000173720014696E74656C6C69662E766F2E526F6C65496E666F00000000000000010200054C0006636E4E616D657400124C6A6176612F6C616E672F537472696E673B4C000269647400104C6A6176612F6C616E672F4C6F6E673B4C00076D6F64756C657371007E000E4C00046E616D6571007E000E4C000672657349647371007E000E78720014696E74656C6C69662E766F2E496E666F42617365733F70D5FD1B3F00024C0007637265617465647400104C6A6176612F7574696C2F446174653B4C00077570646174656471007E00117870737200126A6176612E73716C2E54696D657374616D702618D5C80153BF650200014900056E616E6F737872000E6A6176612E7574696C2E44617465686A3F4B5974190300007870770800000153123130D878000000007371007E0013770800000153123130D8780000000074000FE8B685E7BAA7E7AEA1E79086E591987372000E6A6176612E6C616E672E4C6F6E673B8BE490CC3F3F00014A000576616C7565787200106A6176612E6C616E672E4E756D62657286AC3F0B94E03F00007870000000000000000174003B312C322C332C342C352C362C372C382C392C31302C31312C31322C31332C31342C31352C31362C31372C31382C31392C32302C32312C32322C323374000B53555045525F41444D494E7400FF3130312C3130322C3130332C3130342C3130352C3130362C3130372C3130382C3130392C3131302C3131312C3131322C3131332C3131342C3131352C3131362C3131372C3131382C3131392C3132302C3132312C3132322C3132332C3132342C3132352C3132362C3132372C3132382C3132392C3133302C3133312C3133322C3133332C3133342C3133352C3133362C3133392C3134302C3134312C3134322C3134332C3134342C3134352C3134362C3134372C3134382C3134392C3135302C3135312C3135322C3135332C3135342C3135352C3135362C3135372C3135382C3135392C3136302C3136312C313030302C313030302C313030302C3136322C7871007E000C707372003A6F72672E737072696E676672616D65776F726B2E73656375726974792E6F61757468322E70726F76696465722E4F41757468325265717565737400000000000000010200075A0008617070726F7665644C000B617574686F72697469657371007E00044C000A657874656E73696F6E7374000F4C6A6176612F7574696C2F4D61703B4C000B726564697265637455726971007E000E4C00077265667265736874003B4C6F72672F737072696E676672616D65776F726B2F73656375726974792F6F61757468322F70726F76696465722F546F6B656E526571756573743B4C000B7265736F7572636549647374000F4C6A6176612F7574696C2F5365743B4C000D726573706F6E7365547970657371007E0021787200386F72672E737072696E676672616D65776F726B2E73656375726974792E6F61757468322E70726F76696465722E426173655265717565737436287A3EA371693F00034C0008636C69656E74496471007E000E4C001172657175657374506172616D657465727371007E001F4C000573636F706571007E00217870740009636C69656E74617070737200256A6176612E7574696C2E436F6C6C656374696F6E7324556E6D6F6469666961626C654D6170F1A5A8FE743F420200014C00016D71007E001F7870737200116A6176612E7574696C2E486173684D61700507DAC13F603F000246000A6C6F6164466163746F724900097468726573686F6C6478703F4000000000000C7708000000100000000474000A6772616E745F7479706574000870617373776F726474000573636F706574000A72656164207772697465740009636C69656E745F6964740009636C69656E74617070740008757365726E616D657400037A786478737200256A6176612E7574696C2E436F6C6C656374696F6E7324556E6D6F6469666961626C65536574801D92D18F9B80550200007871007E0009737200176A6176612E7574696C2E4C696E6B656448617368536574D86CD75A95DD2A1E020000787200116A6176612E7574696C2E48617368536574BA44859596B83F0300007870770C000000103F4000000000000274000472656164740005777269746578017371007E0034770C000000103F40000000000001737200426F72672E737072696E676672616D65776F726B2E73656375726974792E636F72652E617574686F726974792E53696D706C654772616E746564417574686F72697479000000000000013F00014C0004726F6C6571007E000E787074000455534552787371007E00273F40000000000000770800000010000000007870707372001E6A6176612E7574696C2E436F6C6C656374696F6E7324456D70747953657415F5721D3F3F02000078707371007E0034770C000000103F40000000000000787372004F6F72672E737072696E676672616D65776F726B2E73656375726974792E61757468656E7469636174696F6E2E557365726E616D6550617373776F726441757468656E7469636174696F6E546F6B656E000000000000013F00024C000B63726564656E7469616C7371007E00054C00097072696E636970616C71007E00057871007E0003017371007E00077371007E000B0000000177040000000171007E00127871007E0043737200176A6176612E7574696C2E4C696E6B6564486173684D617034C04E5C106CC0FB0200015A000B6163636573734F726465727871007E00273F4000000000000C7708000000100000000571007E002971007E002A71007E002B71007E002C74000D636C69656E745F73656372657474000631323334353671007E002D71007E002E71007E002F71007E00307800707372004B696E74656C6C69662E736572766963652E696D706C2E5573657244657461696C7353657276696365496D706C24557365725265706F7369746F72794F417574685573657244657461696C73000000000000000102000078720014696E74656C6C69662E766F2E55736572496E666F000000000000000102000F4900036167654A000666616365496449000667656E6465725A00086861736C6F67696E4A000269644A000F706F6C69636553746174696F6E49644C000C63616D65726152696768747371007E000E4C0007656E6454696D6571007E00114C00056C6F67696E71007E000E4C00066D6F62696C6571007E000E4C00046E616D6571007E000E4C000870617373776F726471007E000E4C0004706F737471007E000E4C0007726F6C6549647371007E000E4C0009737461727454696D6571007E00117871007E001070700000000000000000000000000000000100000000000000000100000000000000017400007371007E001377080000024BCCA57C0078000000007400037A786471007E004B740009E98391E69993E4B89C74000631323334353674000CE4B880E7BAA7E8ADA6E59198740001317371007E00137708FFFFFFFFFE483F007800000000);
/*!40000 ALTER TABLE `oauth_refresh_token` ENABLE KEYS */;

-- 正在导出表  intellif_base.on_line_user_info 的数据：~0 rows (大约)
DELETE FROM `on_line_user_info`;
/*!40000 ALTER TABLE `on_line_user_info` DISABLE KEYS */;
/*!40000 ALTER TABLE `on_line_user_info` ENABLE KEYS */;

-- 正在导出表  intellif_base.person_area 的数据：~0 rows (大约)
DELETE FROM `person_area`;
/*!40000 ALTER TABLE `person_area` DISABLE KEYS */;
/*!40000 ALTER TABLE `person_area` ENABLE KEYS */;

-- 正在导出表  intellif_base.person_detail_alarm_date 的数据：~0 rows (大约)
DELETE FROM `person_detail_alarm_date`;
/*!40000 ALTER TABLE `person_detail_alarm_date` DISABLE KEYS */;
/*!40000 ALTER TABLE `person_detail_alarm_date` ENABLE KEYS */;

-- 正在导出表  intellif_base.person_events_pro_debug 的数据：~0 rows (大约)
DELETE FROM `person_events_pro_debug`;
/*!40000 ALTER TABLE `person_events_pro_debug` DISABLE KEYS */;
/*!40000 ALTER TABLE `person_events_pro_debug` ENABLE KEYS */;

-- 正在导出表  intellif_base.person_full_dto 的数据：~0 rows (大约)
DELETE FROM `person_full_dto`;
/*!40000 ALTER TABLE `person_full_dto` DISABLE KEYS */;
/*!40000 ALTER TABLE `person_full_dto` ENABLE KEYS */;

-- 正在导出表  intellif_base.person_query_dto 的数据：~0 rows (大约)
DELETE FROM `person_query_dto`;
/*!40000 ALTER TABLE `person_query_dto` DISABLE KEYS */;
/*!40000 ALTER TABLE `person_query_dto` ENABLE KEYS */;

-- 正在导出表  intellif_base.police_man_dto 的数据：~0 rows (大约)
DELETE FROM `police_man_dto`;
/*!40000 ALTER TABLE `police_man_dto` DISABLE KEYS */;
/*!40000 ALTER TABLE `police_man_dto` ENABLE KEYS */;

-- 正在导出表  intellif_base.push_alarm_info_dto 的数据：~0 rows (大约)
DELETE FROM `push_alarm_info_dto`;
/*!40000 ALTER TABLE `push_alarm_info_dto` DISABLE KEYS */;
/*!40000 ALTER TABLE `push_alarm_info_dto` ENABLE KEYS */;

-- 正在导出表  intellif_base.query_black_dto 的数据：~0 rows (大约)
DELETE FROM `query_black_dto`;
/*!40000 ALTER TABLE `query_black_dto` DISABLE KEYS */;
/*!40000 ALTER TABLE `query_black_dto` ENABLE KEYS */;

-- 正在导出表  intellif_base.query_face_dto 的数据：~0 rows (大约)
DELETE FROM `query_face_dto`;
/*!40000 ALTER TABLE `query_face_dto` DISABLE KEYS */;
/*!40000 ALTER TABLE `query_face_dto` ENABLE KEYS */;

-- 正在导出表  intellif_base.red_dto 的数据：~0 rows (大约)
DELETE FROM `red_dto`;
/*!40000 ALTER TABLE `red_dto` DISABLE KEYS */;
/*!40000 ALTER TABLE `red_dto` ENABLE KEYS */;

-- 正在导出表  intellif_base.resident_person 的数据：~0 rows (大约)
DELETE FROM `resident_person`;
/*!40000 ALTER TABLE `resident_person` DISABLE KEYS */;
/*!40000 ALTER TABLE `resident_person` ENABLE KEYS */;

-- 正在导出表  intellif_base.retrieve_loss_dto 的数据：~0 rows (大约)
DELETE FROM `retrieve_loss_dto`;
/*!40000 ALTER TABLE `retrieve_loss_dto` DISABLE KEYS */;
/*!40000 ALTER TABLE `retrieve_loss_dto` ENABLE KEYS */;

-- 正在导出表  intellif_base.schema_version 的数据：~0 rows (大约)
DELETE FROM `schema_version`;
/*!40000 ALTER TABLE `schema_version` DISABLE KEYS */;
/*!40000 ALTER TABLE `schema_version` ENABLE KEYS */;

-- 正在导出表  intellif_base.search_face_dto 的数据：~0 rows (大约)
DELETE FROM `search_face_dto`;
/*!40000 ALTER TABLE `search_face_dto` DISABLE KEYS */;
/*!40000 ALTER TABLE `search_face_dto` ENABLE KEYS */;

-- 正在导出表  intellif_base.show_alarm_info_dto 的数据：~0 rows (大约)
DELETE FROM `show_alarm_info_dto`;
/*!40000 ALTER TABLE `show_alarm_info_dto` DISABLE KEYS */;
/*!40000 ALTER TABLE `show_alarm_info_dto` ENABLE KEYS */;

-- 正在导出表  intellif_base.single_day_data_info 的数据：~0 rows (大约)
DELETE FROM `single_day_data_info`;
/*!40000 ALTER TABLE `single_day_data_info` DISABLE KEYS */;
/*!40000 ALTER TABLE `single_day_data_info` ENABLE KEYS */;

-- 正在导出表  intellif_base.station_camera_statistic 的数据：~0 rows (大约)
DELETE FROM `station_camera_statistic`;
/*!40000 ALTER TABLE `station_camera_statistic` DISABLE KEYS */;
/*!40000 ALTER TABLE `station_camera_statistic` ENABLE KEYS */;

-- 正在导出表  intellif_base.stored_crime_data_dto 的数据：~0 rows (大约)
DELETE FROM `stored_crime_data_dto`;
/*!40000 ALTER TABLE `stored_crime_data_dto` DISABLE KEYS */;
/*!40000 ALTER TABLE `stored_crime_data_dto` ENABLE KEYS */;

-- 正在导出表  intellif_base.suspect_person_dto 的数据：~0 rows (大约)
DELETE FROM `suspect_person_dto`;
/*!40000 ALTER TABLE `suspect_person_dto` DISABLE KEYS */;
/*!40000 ALTER TABLE `suspect_person_dto` ENABLE KEYS */;

-- 正在导出表  intellif_base.task_info_dto 的数据：~0 rows (大约)
DELETE FROM `task_info_dto`;
/*!40000 ALTER TABLE `task_info_dto` DISABLE KEYS */;
/*!40000 ALTER TABLE `task_info_dto` ENABLE KEYS */;

-- 正在导出表  intellif_base.t_alarm_info 的数据：~0 rows (大约)
DELETE FROM `t_alarm_info`;
/*!40000 ALTER TABLE `t_alarm_info` DISABLE KEYS */;
/*!40000 ALTER TABLE `t_alarm_info` ENABLE KEYS */;

-- 正在导出表  intellif_base.t_alarm_info_bak 的数据：~0 rows (大约)
DELETE FROM `t_alarm_info_bak`;
/*!40000 ALTER TABLE `t_alarm_info_bak` DISABLE KEYS */;
/*!40000 ALTER TABLE `t_alarm_info_bak` ENABLE KEYS */;

-- 正在导出表  intellif_base.t_alarm_info_bak3 的数据：~0 rows (大约)
DELETE FROM `t_alarm_info_bak3`;
/*!40000 ALTER TABLE `t_alarm_info_bak3` DISABLE KEYS */;
/*!40000 ALTER TABLE `t_alarm_info_bak3` ENABLE KEYS */;

-- 正在导出表  intellif_base.t_alarm_process 的数据：~0 rows (大约)
DELETE FROM `t_alarm_process`;
/*!40000 ALTER TABLE `t_alarm_process` DISABLE KEYS */;
/*!40000 ALTER TABLE `t_alarm_process` ENABLE KEYS */;

-- 正在导出表  intellif_base.t_allow_ips 的数据：~2 rows (大约)
DELETE FROM `t_allow_ips`;
/*!40000 ALTER TABLE `t_allow_ips` DISABLE KEYS */;
INSERT INTO `t_allow_ips` (`id`, `start_ip`, `start_ip_number`, `end_ip`, `end_ip_number`, `ip_rang_name`, `user`) VALUES
	(100, '192.168.0.0', 3232235520, '192.168.255.255', 3232301055, '111', 'pengcheng'),
	(1, '127.0.0.1', 2130706433, '127.0.0.1', 2130706433, '1', 'zxd');
/*!40000 ALTER TABLE `t_allow_ips` ENABLE KEYS */;

-- 正在导出表  intellif_base.t_analysis_area 的数据：~0 rows (大约)
DELETE FROM `t_analysis_area`;
/*!40000 ALTER TABLE `t_analysis_area` DISABLE KEYS */;
/*!40000 ALTER TABLE `t_analysis_area` ENABLE KEYS */;

-- 正在导出表  intellif_base.t_api_resource 的数据：~395 rows (大约)
DELETE FROM `t_api_resource`;
/*!40000 ALTER TABLE `t_api_resource` DISABLE KEYS */;
INSERT INTO `t_api_resource` (`id`, `uri`, `http_method`) VALUES
	(1, '/intellif/alarm', 'GET'),
	(2, '/intellif/alarm', 'POST'),
	(3, '/intellif/alarm/threshold/{threshold}/black/{id}', 'GET'),
	(4, '/intellif/alarm/blackdetail/{id}', 'GET'),
	(5, '/intellif/alarm/camera/{ids}/threshold/{threshold}/page/{page}/pagesize/{pagesize}', 'GET'),
	(6, '/intellif/alarm/person/{id}/threshold/{threshold}/page/{page}/pagesize/{pagesize}', 'GET'),
	(7, '/intellif/alarm/query/threshold/{threshold}/page/{page}/pagesize/{pagesize}', 'POST'),
	(8, '/intellif/alarm/search', 'POST'),
	(9, '/intellif/alarm/station/{id}/threshold/{threshold}/page/{page}/pagesize/{pagesize}', 'GET'),
	(10, '/intellif/alarm/statistic', 'GET'),
	(11, '/intellif/alarm/statistic/station', 'GET'),
	(12, '/intellif/alarm/{id}', 'DELETE'),
	(13, '/intellif/alarm/{id}', 'GET'),
	(14, '/intellif/alarm/{id}', 'PUT'),
	(15, '/intellif/alarm/{id}/status/{value}', 'PUT'),
	(16, '/intellif/audit/log', 'GET'),
	(17, '/intellif/audit/log', 'POST'),
	(18, '/intellif/audit/log/{id}', 'DELETE'),
	(19, '/intellif/audit/log/{id}', 'GET'),
	(20, '/intellif/audit/log/{id}', 'PUT'),
	(21, '/intellif/black/bank', 'GET'),
	(22, '/intellif/black/bank', 'POST'),
	(23, '/intellif/black/bank/type/{ids}', 'GET'),
	(24, '/intellif/black/bank/{id}', 'DELETE'),
	(25, '/intellif/black/bank/{id}', 'GET'),
	(26, '/intellif/black/bank/{id}', 'PUT'),
	(27, '/intellif/black/detail', 'GET'),
	(28, '/intellif/black/detail', 'POST'),
	(29, '/intellif/black/detail/bank/{id}', 'GET'),
	(30, '/intellif/black/detail/total', 'GET'),
	(31, '/intellif/black/detail/page/{page}/pagesize/{pagesize}', 'GET'),
	(32, '/intellif/black/detail/person/{id}', 'GET'),
	(33, '/intellif/black/detail/search', 'POST'),
	(34, '/intellif/black/detail/source/{id}', 'GET'),
	(35, '/intellif/black/detail/{id}', 'DELETE'),
	(36, '/intellif/black/detail/{id}', 'GET'),
	(37, '/intellif/black/detail/{id}', 'PUT'),
	(38, '/intellif/camera', 'GET'),
	(39, '/intellif/camera', 'POST'),
	(40, '/intellif/camera/inStation', 'GET'),
	(41, '/intellif/camera/person/{id}', 'GET'),
	(42, '/intellif/camera/person/{id}/add/{stationId}', 'POST'),
	(43, '/intellif/camera/person/{id}/del/{stationId}', 'DELETE'),
	(44, '/intellif/camera/{id}', 'DELETE'),
	(45, '/intellif/camera/{id}', 'GET'),
	(46, '/intellif/camera/{id}', 'PUT'),
	(47, '/intellif/crime/fritype', 'GET'),
	(48, '/intellif/crime/fritype', 'POST'),
	(49, '/intellif/crime/fritype/query/{name}', 'GET'),
	(50, '/intellif/crime/fritype/{id}', 'DELETE'),
	(51, '/intellif/crime/fritype/{id}', 'GET'),
	(52, '/intellif/crime/fritype/{id}', 'PUT'),
	(53, '/intellif/crime/sectype', 'GET'),
	(54, '/intellif/crime/sectype', 'POST'),
	(55, '/intellif/crime/sectype/fri/{id}', 'GET'),
	(56, '/intellif/crime/sectype/query/{name}', 'GET'),
	(57, '/intellif/crime/sectype/{id}', 'DELETE'),
	(58, '/intellif/crime/sectype/{id}', 'GET'),
	(59, '/intellif/crime/sectype/{id}', 'PUT'),
	(60, '/intellif/face', 'GET'),
	(61, '/intellif/face', 'POST'),
	(62, '/intellif/face/camera/{id}/page/{page}/pagesize/{pagesize}', 'GET'),
	(63, '/intellif/face/total', 'GET'),
	(64, '/intellif/face/total/today', 'GET'),
	(65, '/intellif/face/image/{id}', 'GET'),
	(66, '/intellif/face/page/{page}/time/{time}/pagesize/{pagesize}', 'GET'),
	(67, '/intellif/face/query', 'POST'),
	(68, '/intellif/face/rate', 'GET'),
	(69, '/intellif/face/search/black/{id}/page/{page}/pagesize/{pagesize}', 'GET'),
	(70, '/intellif/face/search/camera/{id}/ids/{ids}', 'GET'),
	(71, '/intellif/face/search/camera/{id}/page/{page}/pagesize/{pagesize}', 'POST'),
	(72, '/intellif/face/search/face/camera/page/{page}/pagesize/{pagesize}', 'POST'),
	(73, '/intellif/face/search/face/page/{page}/pagesize/{pagesize}', 'POST'),
	(74, '/intellif/face/search/station/{id}/page/{page}/pagesize/{pagesize}', 'POST'),
	(75, '/intellif/face/search/statistic', 'POST'),
	(76, '/intellif/face/search/time/range', 'POST'),
	(77, '/intellif/face/station/{id}', 'GET'),
	(78, '/intellif/face/statistic/day', 'GET'),
	(79, '/intellif/face/statistic/station/{id}', 'GET'),
	(80, '/intellif/face/{id}', 'DELETE'),
	(81, '/intellif/face/{id}', 'GET'),
	(82, '/intellif/face/{id}', 'PUT'),
	(83, '/intellif/greeting', 'GET'),
	(84, '/intellif/greeting/*', 'GET'),
	(85, '/intellif/image', 'GET'),
	(86, '/intellif/image', 'POST'),
	(87, '/intellif/image/black/{id}', 'GET'),
	(88, '/intellif/image/total', 'GET'),
	(89, '/intellif/image/face/{id}', 'GET'),
	(90, '/intellif/image/person/{id}', 'GET'),
	(91, '/intellif/image/{id}', 'DELETE'),
	(92, '/intellif/image/{id}', 'GET'),
	(93, '/intellif/image/{id}', 'PUT'),
	(94, '/intellif/jpa/alarm', 'POST'),
	(95, '/intellif/jpa/alarm/search', 'POST'),
	(96, '/intellif/person/detail', 'GET'),
	(97, '/intellif/person/detail', 'POST'),
	(98, '/intellif/person/detail/total', 'GET'),
	(99, '/intellif/person/detail/recorders/{id}', 'PUT'),
	(100, '/intellif/person/detail/{id}', 'DELETE'),
	(101, '/intellif/person/detail/{id}', 'GET'),
	(102, '/intellif/person/detail/{id}', 'PUT'),
	(103, '/intellif/person/info', 'GET'),
	(104, '/intellif/person/info', 'POST'),
	(105, '/intellif/person/info/{id}', 'DELETE'),
	(106, '/intellif/person/info/{id}', 'GET'),
	(107, '/intellif/person/info/{id}', 'PUT'),
	(108, '/intellif/police/station', 'GET'),
	(109, '/intellif/police/station', 'POST'),
	(110, '/intellif/police/station/{id}', 'DELETE'),
	(111, '/intellif/police/station/{id}', 'GET'),
	(112, '/intellif/police/station/{id}', 'PUT'),
	(113, '/intellif/red/detail', 'POST'),
	(114, '/intellif/role', 'GET'),
	(115, '/intellif/role', 'POST'),
	(116, '/intellif/role/{id}', 'DELETE'),
	(117, '/intellif/role/{id}', 'GET'),
	(118, '/intellif/role/{id}', 'PUT'),
	(119, '/intellif/rule', 'GET'),
	(120, '/intellif/rule', 'POST'),
	(121, '/intellif/rule/{id}', 'DELETE'),
	(122, '/intellif/rule/{id}', 'GET'),
	(123, '/intellif/rule/{id}', 'PUT'),
	(124, '/intellif/search/face/', 'GET'),
	(125, '/intellif/search/info', 'PUT'),
	(126, '/intellif/server', 'GET'),
	(127, '/intellif/server', 'POST'),
	(128, '/intellif/server/time', 'GET'),
	(129, '/intellif/server/{id}', 'DELETE'),
	(130, '/intellif/server/{id}', 'GET'),
	(131, '/intellif/server/{id}', 'PUT'),
	(132, '/intellif/suspect', 'GET'),
	(133, '/intellif/suspect', 'POST'),
	(134, '/intellif/suspect/find', 'POST'),
	(135, '/intellif/suspect/search', 'POST'),
	(136, '/intellif/suspect/{id}', 'DELETE'),
	(137, '/intellif/suspect/{id}', 'GET'),
	(138, '/intellif/task', 'GET'),
	(139, '/intellif/task', 'POST'),
	(140, '/intellif/task/bank/name/{value}', 'GET'),
	(141, '/intellif/task/name/{value}', 'GET'),
	(142, '/intellif/task/restart/schedule', 'PUT'),
	(143, '/intellif/task/restart/{id}/at/{time}', 'PUT'),
	(144, '/intellif/task/search', 'POST'),
	(145, '/intellif/task/server/name/{value}', 'GET'),
	(146, '/intellif/task/source/type/{id}', 'GET'),
	(147, '/intellif/task/source/{id}', 'GET'),
	(148, '/intellif/task/source/{type}/{uri}', 'GET'),
	(149, '/intellif/task/status/{id}', 'GET'),
	(150, '/intellif/task/stop/schedule', 'PUT'),
	(151, '/intellif/task/stop/{id}/at/{time}', 'DELETE'),
	(152, '/intellif/task/time/{start}/{end}', 'GET'),
	(153, '/intellif/task/{id}', 'DELETE'),
	(154, '/intellif/task/{id}', 'GET'),
	(155, '/intellif/task/{id}', 'PUT'),
	(156, '/intellif/excel/upload', 'POST'),
	(157, '/intellif/image/upload/alarm/id/{id}', 'GET'),
	(158, '/intellif/image/upload/face/id/{id}', 'GET'),
	(159, '/intellif/image/upload/info', 'POST'),
	(160, '/intellif/image/upload/{face}', 'POST'),
	(161, '/intellif/zip/upload/{key}', 'POST'),
	(162, '/intellif/user', 'GET'),
	(163, '/intellif/user', 'POST'),
	(164, '/intellif/user/change/{password}/newpassword/{newpassword}', 'PUT'),
	(165, '/intellif/user/search', 'POST'),
	(166, '/intellif/user/{id}', 'DELETE'),
	(167, '/intellif/user/{id}', 'GET'),
	(168, '/intellif/user/{id}', 'PUT'),
	(169, '/intellif/alarm/attention/threshold/{threshold}/page/{page}/pagesize/{pagesize}', 'GET'),
	(170, '/intellif/police/station/authority', 'GET'),
	(171, '/intellif/police/station/authority', 'POST'),
	(172, '/intellif/police/station/authority/{id}', 'DELETE'),
	(173, '/intellif/police/station/authority/{id}', 'GET'),
	(174, '/intellif/police/station/authority/station/{id}', 'GET'),
	(175, '/intellif/user/attention', 'GET'),
	(176, '/intellif/user/attention/person/{ids}', 'POST'),
	(177, '/intellif/user/attention/person/{id}', 'DELETE'),
	(178, '/intellif/person/detail/bank/{id}', 'GET'),
	(179, '/intellif/red/detail', 'POST'),
	(180, '/intellif/red/detail/{id}', 'DELETE'),
	(181, '/intellif/red/detail', 'GET'),
	(182, '/intellif/person/detail/bank/{id}/ids/{ids}', 'PUT'),
	(183, '/intellif/resident/summary/date/{date}/id/{id}', 'GET'),
	(184, '/intellif/alarm/bank/{id}/threshold/{threshold}/page/{page}/pagesize/{pagesize}', 'GET'),
	(185, '/intellif/person/inzones/statistic', 'GET'),
	(186, '/intellif/person/inzones/station/{id}/page/{page}/time/{time}/pagesize/{pagesize}', 'GET'),
	(187, '/intellif/police/station/threshold/{threshold}', 'PUT'),
	(188, '/intellif/person/detail/bank/{id}/page/{page}/pagesize/{pagesize}', 'GET'),
	(189, '/intellif/user/right/{name}', 'GET'),
	(190, '/intellif/person/detail/search', 'POST'),
	(191, '/intellif/area', 'GET'),
	(192, '/intellif/area', 'POST'),
	(193, '/intellif/area/{id}', 'DELETE'),
	(194, '/intellif/area/{id}', 'GET'),
	(195, '/intellif/area/{id}', 'PUT'),
	(196, '/intellif/area/threshold/{threshold}', 'PUT'),
	(197, '/intellif/face/param/page/{page}/pagesize/{pagesize}', 'POST'),
	(198, '/intellif/face/param/camera/{id}/page/{page}/pagesize/{pagesize}', 'POST'),
	(199, '/intellif/resident/details/date/{date}/id/{id}/page/{page}/pagesize/{pagesize}', 'GET'),
	(200, '/intellif/camera/streammedia/camera/{id}/start/{start}/end/{end}', 'GET'),
	(201, '/intellif/alarm/static/station/{id}/page/{page}/pagesize/{pagesize}', 'GET'),
	(202, '/intellif/user/attention/bank/{id}', 'POST'),
	(203, '/intellif/user/attention/bank/{id}', 'DELETE'),
	(204, '/intellif/server/log', 'POST'),
	(205, '/intellif/black/bank/{id}/rule/{ruleId}', 'PUT'),
	(206, '/intellif/black/detail/page/{page}/pagesize/{pagesize}', 'POST'),
	(207, '/intellif/person/detail/statistic/bank/{id}', 'GET'),
	(208, '/intellif/person/detail/statistic/bank', 'GET'),
	(209, '/intellif/face/search/face/area/{areaId}/page/{page}', 'POST'),
	(210, '/intellif/face/zip', 'POST'),
	(211, '/intellif/face/zip/camera/{key}', 'POST'),
	(212, '/intellif/face/search/zip', 'POST'),
	(213, '/intellif/face/search/zip/camera/{key}', 'POST'),
	(214, '/intellif/image/countSize', 'GET'),
	(215, '/user/sso/auth/{ticket}/{userName}', 'POST'),
	(216, '/intellif/police/cloud/info', 'GET'),
	(217, '/intellif/police/cloud/detail', 'GET'),
	(218, '/intellif/police/cloud/info/{id}', 'GET'),
	(219, '/intellif/police/cloud/detail/{id}', 'GET'),
	(220, '/intellif/image/upload/base64/{face}', 'POST'),
	(221, '/intellif/face/search/face/cloud/page/{page}/pagesize/{pagesize}', 'POST'),
	(222, '/intellif/police/cloud/info/page/{page}/pagesize/{pagesize}', 'GET'),
	(223, '/intellif/police/cloud/detail/page/{page}/pagesize/{pagesize}', 'GET'),
	(224, '/intellif/user/sso/auth', 'POST'),
	(225, '/intellif/g20meeting/statistic/{starttime}/{endtime}', 'GET'),
	(226, '/intellif/g20meeting/station/{id}/threshold/{threshold}/page/{page}/important/{important}', 'GET'),
	(228, '/intellif/audit/log/search/page/{page}/pagesize/{pagesize}', 'POST'),
	(229, '/intellif/audit/log/search/login/page/{page}/pagesize/{pagesize}', 'POST'),
	(230, '/intellif/server/useramount/page/{page}/pagesize/{pagesize}', 'GET'),
	(231, '/intellif/allowips/page/{page}/pagesize/{pagesize}', 'GET'),
	(232, '/intellif/allowips', 'POST'),
	(233, '/intellif/allowips/{id}', 'PUT'),
	(234, '/intellif/allowips/{id}', 'DELETE'),
	(235, '/intellif/image/face/json/{id}', 'GET'),
	(236, '/intellif/maintenance', 'GET'),
	(237, '/intellif/maintenance', 'POST'),
	(238, '/intellif/maintenance/{id}', 'DELETE'),
	(239, '/intellif/maintenance/{id}', 'GET'),
	(240, '/intellif/maintenance/{id}', 'PUT'),
	(241, '/intellif/loss/prevent', 'GET'),
	(242, '/intellif/loss/prevent', 'POST'),
	(243, '/intellif/loss/prevent/{id}', 'DELETE'),
	(244, '/intellif/loss/prevent/{id}', 'GET'),
	(245, '/intellif/loss/prevent/{id}', 'PUT'),
	(246, '/intellif/loss/prevent/station/{stationId}', 'GET'),
	(247, '/intellif/police/station/taskid/{id}', 'GET'),
	(248, '/intellif/alarm/{id}/send/{value}', 'PUT'),
	(249, '/intellif/weixinuser', 'GET'),
	(250, '/intellif/weixinuser', 'POST'),
	(251, '/intellif/weixinuser/{name}', 'DELETE'),
	(252, '/intellif/weixinuser/{name}', 'GET'),
	(253, '/intellif/weixinuser/openid/{id}', 'DELETE'),
	(254, '/intellif/police/man', 'POST'),
	(255, '/intellif/police/man/{id}', 'PUT'),
	(256, '/intellif/police/man/{id}', 'DELETE'),
	(257, '/intellif/police/man', 'GET'),
	(258, '/intellif/police/man/push', 'POST'),
	(259, '/intellif/police/cloud/image/type/{type}/id/{id}', 'GET'),
	(260, '/intellif/police/man/push/read/{id}/pagesize/{pagesize}', 'GET'),
	(261, '/intellif/police/man/push/read/total/id/{id}', 'GET'),
	(262, '/intellif/police/cloud/info/id/{id}/type/{type}/faceid/{faceid}', 'POST'),
	(263, '/intellif/police/cloud/judge/detail/type/{type}/id/{id}', 'POST'),
	(264, '/intellif/police/cloud/detail/type/{type}/id/{id}', 'DELETE'),
	(265, '/intellif/police/cloud/detail/face/{type}', 'GET'),
	(266, '/intellif/audit/log/todaylogin/page/{page}/pagesize/{pagesize}', 'GET'),
	(267, '/intellif/user/display', 'POST'),
	(268, '/intellif/zip/upload/progress/{key}', 'POST'),
	(269, '/intellif/alarm/bank/cameras', 'POST'),
	(270, '/intellif/person/detail/statistic/bank/{id}', 'GET'),
	(271, '/intellif/crime/alarm', 'GET'),
	(272, '/intellif/crime/alarm/{id}', 'GET'),
	(273, '/intellif/crime/alarm/{id}', 'DELETE'),
	(274, '/intellif/crime/alarm/person/cameras', 'POST'),
	(275, '/intellif/crime/alarm/cameras', 'POST'),
	(276, '/intellif/police/cloud/other/info/{id}', 'GET'),
	(277, '/intellif/police/cloud/other/detail/{id}', 'GET'),
	(278, '/intellif/police/cloud/detail/{type}/info/{id}', 'GET'),
	(279, '/intellif/camera/statistic/source/{id}/date/{date}', 'GET'),
	(280, '/intellif/camera/statistic/source/{id}', 'GET'),
	(281, '/intellif/table', 'GET'),
	(282, '/intellif/table/{id}', 'PUT'),
	(283, '/intellif/table/code/{value}', 'GET'),
	(284, '/intellif/face/zip/download/progress/{key}', 'GET'),
	(285, '/intellif/pk/import/bank/{bankId}/key/{keyNum}', 'POST'),
	(286, '/intellif/pk/schedule/bankId/{bankId}/key/{key}', 'GET'),
	(287, '/intellif/pk/{id}', 'DELETE'),
	(288, '/intellif/pk/pkzip/bankid/{bankid}/{key}', 'POST'),
	(289, '/intellif/pk/pkzip/download/progress/{key}', 'GET'),
	(290, '/intellif/pk/matchbank/{targettype}/page/{page}/pagesize/{pagesize}/key/{key}', 'GET'),
	(291, '/intellif/pk/matchbank/prograss/{key}', 'GET'),
	(292, '/intellif/pk/matchbank', 'POST'),
	(293, '/intellif/pk/cancelimport', 'POST'),
	(294, '/intellif/police/man/authority', 'POST'),
	(295, '/intellif/police/man/authority', 'GET'),
	(296, '/intellif/police/man/authority/{id}', 'DELETE'),
	(297, '/intellif/police/man/authority/policeno/{policeno}', 'DELETE'),
	(300, '/intellif/audit/log/policecloud', 'POST'),
	(301, '/intellif/audit/log/policecloud/search/page/{page}/pagesize/{pagesize}', 'POST'),
	(900, '/intellif/face/topsearch/face/size/{size}', 'POST'),
	(1000, '/intellif/bank/import/import/bank/{bankStr}', 'POST'),
	(1001, '/intellif/bank/import/schedule', 'GET'),
	(1002, '/intellif/bank/import/cancelimport', 'POST'),
	(1003, '/intellif/police/cloud/info', 'POST'),
	(1004, '/intellif/police/station/display', 'POST'),
	(1005, '/intellif/red/detail/display', 'POST'),
	(1006, '/intellif/person/detail/bank/display', 'POST'),
	(1007, '/intellif/alarm/station/query/page/{page}/pagesize/{pagesize}', 'POST'),
	(1008, '/intellif/alarm/bank/query/page/{page}/pagesize/{pagesize}', 'POST'),
	(1009, '/intellif/alarm/camera/query/page/{page}/pagesize/{pagesize}', 'POST'),
	(1010, '/intellif/alarm/query/mark/info', 'POST'),
	(1011, '/intellif/alarm/query/mark/info', 'GET'),
	(1012, '/intellif/camera/streammedia/camera/{id}', 'GET'),
	(1013, '/intellif/statistic/alarm', 'POST'),
	(1014, '/intellif/statistic/camera/geometry', 'GET'),
	(1015, '/intellif/statistic/camerainfo', 'GET'),
	(1016, '/intellif/statistic/collected', 'POST'),
	(1017, '/intellif/statistic/warehouse/crime', 'POST'),
	(1018, '/intellif/alarm/zip/selected', 'POST'),
	(1019, '/intellif/alarm/zip/selected/result/{key}', 'GET'),
	(1020, '/intellif/alarm/progress/zip/{key}', 'GET'),
	(1021, '/intellif/face/cancelzip/{key}', 'GET'),
	(1022, '/intellif/red/detail/switch/{type}', 'POST'),
	(1023, '/intellif/red/detail/switch', 'GET'),
	(1024, '/intellif/red/detail/person/{id}', 'GET'),
	(1025, '/intellif/red/detail/person/update', 'PUT'),
	(1026, '/intellif/zip/upload/eDownload/{key}', 'POST'),
	(1027, '/intellif/server/logoff', 'GET'),
	(1028, '/intellif/audit/log/exportexcel/key/{key}', 'POST'),
	(1029, '/intellif/audit/log/exportexcel/stop/{key}', 'GET'),
	(1030, '/intellif/audit/log/exportexcel/progress/{key}', 'GET'),
	(1031, '/intellif/user/getUsers', 'POST'),
	(1032, '/intellif/black/bank/type/bankname', 'POST'),
	(1033, '/intellif/bankcollision/pkzip/bankid/{bankid}', 'POST'),
	(1034, '/intellif/bankcollision/pkzip/download/progress/{key}', 'GET'),
	(1035, '/intellif/bankcollision/pkzip/result/{key}', 'GET'),
	(1036, '/intellif/police/station/authority/station/{id}/blacktype/{type}', 'GET'),
	(1037, '/intellif/police/station/authority/blacktype/{type}', 'POST'),
	(1038, '/intellif/bankcollision/matchbank/result/{key}/page/{page}/pagesize/{pagesize}', 'GET'),
	(1039, '/intellif/bankcollision/progress/{key}', 'GET'),
	(1040, '/intellif/bankcollision/matchbank', 'POST'),
	(1041, '/intellif/black/bank/blacktype/{blacktype}/type/{type}', 'GET'),
	(1042, '/intellif/zip/upload/cancel/{key}', 'POST'),
	(1043, '/intellif/alarm/attention/query/page/{page}/pagesize/{pagesize}', 'POST'),
	(1044, '/intellif/face/param/true/page/{page}/pagesize/{pagesize}', 'POST'),
	(1045, '/intellif/face/param/false/page/{page}/pagesize/{pagesize}', 'POST'),
	(1046, '/intellif/server/live/notify', 'POST'),
	(1047, '/intellif/server/mark', 'POST'),
	(1048, '/intellif/server/mark/{id}', 'DELETE'),
	(1049, '/intellif/server/mark/size', 'GET'),
	(1050, '/intellif/server/rondom/{num}', 'PUT'),
	(1051, '/intellif/person/detail/page/{page}/pagesize/{pagesize}', 'GET'),
	(1052, '/intellif/image/detect/image/{id}', 'GET'),
	(1053, '/intellif/mall/statistic/time/collected', 'POST'),
	(1054, '/intellif/mining/face/hover', 'POST'),
	(1055, '/intellif/mining/face/locus', 'POST'),
	(1056, '/intellif/mining/face/place', 'POST'),
	(1057, '/intellif/mining/face/peer', 'POST'),
	(1058, '/intellif/mining/face/impact', 'POST'),
	(1059, '/intellif/mining/place', 'POST'),
	(1060, '/intellif/mining/place', 'PUT'),
	(1061, '/intellif/mining/place/{id}', 'DELETE'),
	(1062, '/intellif/mining/place/page/{page}/pagesize/{pagesize}', 'POST'),
	(1063, '/intellif/mining/task', 'POST'),
	(1064, '/intellif/mining/task', 'PUT'),
	(1065, '/intellif/mining/task/{id}', 'DELETE'),
	(1066, '/intellif/mining/task/page/{page}/pagesize/{pagesize}', 'POST'),
	(1067, '/intellif/mining/task/{id}', 'GET'),
	(1068, '/intellif/mining/task/output/{id}/page/{page}/pagesize/{pagesize}', 'GET'),
	(1069, '/intellif/mining/task/output/{id}', 'GET'),
	(1070, '/intellif/mining/task/delete/face/{id}', 'PUT'),
	(1071, '/intellif/mining/task/start/{id}', 'GET'),
	(1072, '/intellif/mining/place/{id}', 'GET'),
	(1073, '/intellif/mining/task/face/page/{page}/pagesize/{pagesize}', 'POST'),
	(1074, '/intellif/mining/task/output/content/{id}/page/{page}/pagesize/{pagesize}', 'POST'),
	(1075, '/intellif/mining/place/ids', 'POST'),
	(1076, '/intellif/camera/ids', 'POST'),
	(1077, '/intellif/image/param/camera/{id}/page/{page}/pagesize/{pagesize}', 'POST'),
	(1078, '/intellif/camera/page/{page}/pagesize/{pagesize}', 'POST'),
	(1079, '/intellif/search/reason', 'POST'),
	(1080, '/intellif/search/reason/{id}', 'PUT'),
	(1081, '/intellif/search/reason/{id}', 'DELETE'),
	(1082, '/intellif/search/reason/{id}', 'GET'),
	(1083, '/intellif/search/reason', 'GET'),
	(1084, '/intellif/search/reason/record', 'POST'),
	(1085, '/intellif/black/bank/dispatch/switch/bank/{id}/status/{status}', 'POST'),
	(1086, '/intellif/black/bank/music/upload/key/{key}', 'POST'),
	(1087, '/intellif/black/detail/bank/page/{page}/pagesize/{pagesize}/personsize/{personsize}', 'GET'),
	(1088, '/intellif/black/detail/bank/{id}/page/{page}/pagesize/{pagesize}', 'GET'),
	(1089, '/intellif/face/search/face/black/page/{page}/pagesize/{pagesize}', 'POST'),
	(1090, '/intellif/pk/pkzip/download/address/{key}', 'GET'),
	(1091, '/intellif/user/isOutOfDateorNot', 'GET'),
	(1092, '/intellif/person/detail/time/bank/display', 'POST'),
	(1093, '/intellif/xinyi/api/{identity}', 'GET'),
	(1094, '/intellif/face/search/cid/{cid}', 'POST'),
	(1095, '/intellif/face/compare', 'POST');
/*!40000 ALTER TABLE `t_api_resource` ENABLE KEYS */;

-- 正在导出表  intellif_base.t_api_resource_1_0_0 的数据：~0 rows (大约)
DELETE FROM `t_api_resource_1_0_0`;
/*!40000 ALTER TABLE `t_api_resource_1_0_0` DISABLE KEYS */;
/*!40000 ALTER TABLE `t_api_resource_1_0_0` ENABLE KEYS */;

-- 正在导出表  intellif_base.t_api_resource_lg 的数据：~0 rows (大约)
DELETE FROM `t_api_resource_lg`;
/*!40000 ALTER TABLE `t_api_resource_lg` DISABLE KEYS */;
/*!40000 ALTER TABLE `t_api_resource_lg` ENABLE KEYS */;

-- 正在导出表  intellif_base.t_area 的数据：~21 rows (大约)
DELETE FROM `t_area`;
/*!40000 ALTER TABLE `t_area` DISABLE KEYS */;
INSERT INTO `t_area` (`id`, `created`, `updated`, `geo_string`, `geometry`, `area_name`, `area_no`, `person_threshold`) VALUES
	(1, '2015-11-28 15:32:07', '2015-12-06 11:32:07', 'POLYGON((-107 39, -102 39, -102 41, -107 41, -107 39))', NULL, '科学馆1楼', '爱联所', 0),
	(2, '2015-12-06 11:32:07', '2015-12-06 11:32:07', 'POLYGON((-107 39, -102 38, -102 41, -107 41, -107 39))', NULL, '科学馆街道', '坂田所', 0),
	(3, '2015-12-06 11:32:07', '2015-12-06 11:32:07', 'POLYGON((-107 39, -102 38, -102 41, -107 41, -107 39))', NULL, '测试机', '布吉所', 0),
	(4, '2015-12-06 11:32:07', '2015-12-06 11:32:07', 'POLYGON((-107 39, -102 38, -102 41, -107 41, -107 39))', NULL, '七楼核心区', '罗岗所', 0),
	(8, '2015-05-25 10:29:07', '2015-05-26 14:29:07', 'POLYGON((-107 39, -102 39, -102 41, -107 41, -107 39))', NULL, '小水滴直播', '小水滴', 0),
	(9, '2016-09-21 18:12:50', '2016-09-21 18:28:24', '', NULL, '区域wangxin', '111', 0),
	(10, '2016-09-21 18:29:03', '2016-09-21 19:30:03', '', NULL, '啊啊啊', '111', 0),
	(11, '2016-09-22 10:37:48', '2016-09-22 10:37:48', '', NULL, '111222', '111', 0),
	(12, '2016-09-22 16:46:37', '2016-09-22 16:57:05', '', NULL, '222233', '111', 0),
	(13, '2016-09-23 17:32:09', '2016-09-23 17:32:09', '', NULL, '王欣测试', '111', 0),
	(14, '2016-09-24 14:26:59', '2016-10-09 11:50:41', '', NULL, '测试冼文', '111', 0),
	(15, '2016-09-26 13:43:35', '2016-09-26 13:43:35', '', NULL, 'wanliceshi', '111', 0),
	(16, '2016-09-29 16:51:19', '2016-09-29 16:51:19', '', NULL, '4234242', '111', 0),
	(17, '2016-10-09 15:28:17', '2016-10-09 15:28:17', '', NULL, '1 2！@Aa.字', '111', 0),
	(18, '2016-10-10 15:31:34', '2016-10-10 15:31:34', '', NULL, '235', '111', 0),
	(19, '2016-10-18 20:47:16', '2016-10-18 20:47:16', '', NULL, '666', '111', 0),
	(20, '2016-10-19 21:30:30', '2016-10-19 21:30:30', '', NULL, 'Test', '111', 0),
	(21, '2016-10-20 11:09:09', '2016-10-20 11:09:09', '', NULL, '七号区域', '111', 0),
	(24, '2016-10-22 18:15:35', '2016-10-22 17:15:35', '', NULL, '31区域', '111', 0),
	(25, '2016-11-23 16:13:55', '2016-11-23 16:13:55', '', NULL, '测试与区域', '111', 0),
	(26, '2016-12-03 18:32:40', '2016-12-14 14:06:01', '', NULL, '@.2016 1()[]【】2a-_03A区·域', '111', 0);
/*!40000 ALTER TABLE `t_area` ENABLE KEYS */;

-- 正在导出表  intellif_base.t_audit_log 的数据：~64 rows (大约)
DELETE FROM `t_audit_log`;
/*!40000 ALTER TABLE `t_audit_log` DISABLE KEYS */;
INSERT INTO `t_audit_log` (`id`, `created`, `updated`, `message`, `object`, `object_id`, `object_status`, `operation`, `owner`, `title`, `fri_detail`, `sec_detail`) VALUES
	(215871, '2017-02-27 15:08:15', '2017-02-27 15:08:15', '超级管理员zxd登录了系统', '', 1, 11, 'log in', 'zxd', 'zxd登录啦,郑晓东,科学馆一区,超级管理员,192.168.2.92,一级警员', '', ''),
	(215872, '2017-02-27 15:30:59', '2017-02-27 15:30:59', '超级管理员zxd登录了系统', '', 1, 11, 'log in', 'zxd', 'zxd登录啦,郑晓东,科学馆一区,超级管理员,127.0.0.1,一级警员', '', ''),
	(215873, '2017-02-27 15:32:30', '2017-02-27 15:32:30', '超级管理员zxd登录了系统', '', 1, 11, 'log in', 'zxd', 'zxd登录啦,郑晓东,科学馆一区,超级管理员,127.0.0.1,一级警员', '', ''),
	(215874, '2017-02-27 15:41:18', '2017-02-27 15:41:18', '超级管理员zxd登录了系统', '', 1, 11, 'log in', 'zxd', 'zxd登录啦,郑晓东,科学馆一区,超级管理员,127.0.0.1,一级警员', '', ''),
	(215875, '2017-02-27 16:58:47', '2017-02-27 16:58:47', '超级管理员zxd登录了系统', '', 1, 11, 'log in', 'zxd', 'zxd登录啦,郑晓东,科学馆一区,超级管理员,127.0.0.1,一级警员', '', ''),
	(215876, '2017-02-27 17:10:52', '2017-02-27 17:10:52', '超级管理员zxd登录了系统', '', 1, 11, 'log in', 'zxd', 'zxd登录啦,郑晓东,科学馆一区,超级管理员,127.0.0.1,一级警员', '', ''),
	(215877, '2017-02-27 17:15:51', '2017-02-27 17:15:51', '超级管理员zxd登录了系统', '', 1, 11, 'log in', 'zxd', 'zxd登录啦,郑晓东,科学馆一区,超级管理员,127.0.0.1,一级警员', '', ''),
	(215878, '2017-02-27 17:17:38', '2017-02-27 17:17:38', '超级管理员zxd登录了系统', '', 1, 11, 'log in', 'zxd', 'zxd登录啦,郑晓东,科学馆一区,超级管理员,127.0.0.1,一级警员', '', ''),
	(215879, '2017-02-27 17:19:54', '2017-02-27 17:19:54', '超级管理员zxd登录了系统', '', 1, 11, 'log in', 'zxd', 'zxd登录啦,郑晓东,科学馆一区,超级管理员,127.0.0.1,一级警员', '', ''),
	(215880, '2017-02-27 17:45:10', '2017-02-27 17:45:10', '超级管理员zxd登录了系统', '', 1, 11, 'log in', 'zxd', 'zxd登录啦,郑晓东,科学馆一区,超级管理员,127.0.0.1,一级警员', '', ''),
	(215881, '2017-02-27 17:47:35', '2017-02-27 17:47:35', '超级管理员zxd登录了系统', '', 1, 11, 'log in', 'zxd', 'zxd登录啦,郑晓东,科学馆一区,超级管理员,127.0.0.1,一级警员', '', ''),
	(215882, '2017-02-27 17:50:16', '2017-02-27 17:50:16', '超级管理员zxd登录了系统', '', 1, 11, 'log in', 'zxd', 'zxd登录啦,郑晓东,科学馆一区,超级管理员,127.0.0.1,一级警员', '', ''),
	(215883, '2017-02-27 17:52:35', '2017-02-27 17:52:35', '超级管理员zxd登录了系统', '', 1, 11, 'log in', 'zxd', 'zxd登录啦,郑晓东,科学馆一区,超级管理员,127.0.0.1,一级警员', '', ''),
	(215884, '2017-02-27 17:54:37', '2017-02-27 17:54:37', '超级管理员zxd登录了系统', '', 1, 11, 'log in', 'zxd', 'zxd登录啦,郑晓东,科学馆一区,超级管理员,127.0.0.1,一级警员', '', ''),
	(215885, '2017-02-27 17:57:22', '2017-02-27 17:57:22', '超级管理员zxd登录了系统', '', 1, 11, 'log in', 'zxd', 'zxd登录啦,郑晓东,科学馆一区,超级管理员,127.0.0.1,一级警员', '', ''),
	(215886, '2017-02-27 18:50:50', '2017-02-27 18:50:50', '超级管理员zxd登录了系统', '', 1, 11, 'log in', 'zxd', 'zxd登录啦,郑晓东,科学馆一区,超级管理员,127.0.0.1,一级警员', '', ''),
	(215887, '2017-02-27 19:10:18', '2017-02-27 19:10:18', '超级管理员zxd登录了系统', '', 1, 11, 'log in', 'zxd', 'zxd登录啦,郑晓东,科学馆一区,超级管理员,127.0.0.1,一级警员', '', ''),
	(215888, '2017-02-27 19:11:59', '2017-02-27 19:11:59', '超级管理员zxd登录了系统', '', 1, 11, 'log in', 'zxd', 'zxd登录啦,郑晓东,科学馆一区,超级管理员,127.0.0.1,一级警员', '', ''),
	(215889, '2017-02-27 19:14:28', '2017-02-27 19:14:28', '超级管理员zxd登录了系统', '', 1, 11, 'log in', 'zxd', 'zxd登录啦,郑晓东,科学馆一区,超级管理员,127.0.0.1,一级警员', '', ''),
	(215890, '2017-02-27 19:15:59', '2017-02-27 19:15:59', '超级管理员zxd登录了系统', '', 1, 11, 'log in', 'zxd', 'zxd登录啦,郑晓东,科学馆一区,超级管理员,127.0.0.1,一级警员', '', ''),
	(215891, '2017-02-27 19:18:52', '2017-02-27 19:18:52', '超级管理员zxd登录了系统', '', 1, 11, 'log in', 'zxd', 'zxd登录啦,郑晓东,科学馆一区,超级管理员,127.0.0.1,一级警员', '', ''),
	(215892, '2017-02-27 19:20:22', '2017-02-27 19:20:22', '超级管理员zxd登录了系统', '', 1, 11, 'log in', 'zxd', 'zxd登录啦,郑晓东,科学馆一区,超级管理员,127.0.0.1,一级警员', '', ''),
	(215893, '2017-02-27 19:29:19', '2017-02-27 19:29:19', '超级管理员zxd登录了系统', '', 1, 11, 'log in', 'zxd', 'zxd登录啦,郑晓东,科学馆一区,超级管理员,127.0.0.1,一级警员', '', ''),
	(215894, '2017-02-27 19:30:52', '2017-02-27 19:30:52', '超级管理员zxd登录了系统', '', 1, 11, 'log in', 'zxd', 'zxd登录啦,郑晓东,科学馆一区,超级管理员,127.0.0.1,一级警员', '', ''),
	(215895, '2017-02-27 19:56:18', '2017-02-27 19:56:18', '超级管理员zxd登录了系统', '', 1, 11, 'log in', 'zxd', 'zxd登录啦,郑晓东,科学馆一区,超级管理员,127.0.0.1,一级警员', '', ''),
	(215896, '2017-02-27 19:57:59', '2017-02-27 19:57:59', '超级管理员zxd登录了系统', '', 1, 11, 'log in', 'zxd', 'zxd登录啦,郑晓东,科学馆一区,超级管理员,127.0.0.1,一级警员', '', ''),
	(215897, '2017-02-27 20:01:25', '2017-02-27 20:01:25', '超级管理员zxd登录了系统', '', 1, 11, 'log in', 'zxd', 'zxd登录啦,郑晓东,科学馆一区,超级管理员,127.0.0.1,一级警员', '', ''),
	(215898, '2017-02-27 20:02:33', '2017-02-27 20:02:33', '超级管理员zxd登录了系统', '', 1, 11, 'log in', 'zxd', 'zxd登录啦,郑晓东,科学馆一区,超级管理员,127.0.0.1,一级警员', '', ''),
	(215899, '2017-02-27 20:15:59', '2017-02-27 20:15:59', '超级管理员zxd登录了系统', '', 1, 11, 'log in', 'zxd', 'zxd登录啦,郑晓东,科学馆一区,超级管理员,127.0.0.1,一级警员', '', ''),
	(215900, '2017-02-27 20:18:10', '2017-02-27 20:18:10', '超级管理员zxd登录了系统', '', 1, 11, 'log in', 'zxd', 'zxd登录啦,郑晓东,科学馆一区,超级管理员,127.0.0.1,一级警员', '', ''),
	(215901, '2017-02-27 20:20:54', '2017-02-27 20:20:54', '超级管理员zxd登录了系统', '', 1, 11, 'log in', 'zxd', 'zxd登录啦,郑晓东,科学馆一区,超级管理员,127.0.0.1,一级警员', '', ''),
	(215902, '2017-02-27 20:22:50', '2017-02-27 20:22:50', '超级管理员zxd登录了系统', '', 1, 11, 'log in', 'zxd', 'zxd登录啦,郑晓东,科学馆一区,超级管理员,127.0.0.1,一级警员', '', ''),
	(215903, '2017-02-27 20:24:15', '2017-02-27 20:24:15', '超级管理员zxd登录了系统', '', 1, 11, 'log in', 'zxd', 'zxd登录啦,郑晓东,科学馆一区,超级管理员,127.0.0.1,一级警员', '', ''),
	(215904, '2017-02-27 20:33:19', '2017-02-27 20:33:19', '超级管理员zxd登录了系统', '', 1, 11, 'log in', 'zxd', 'zxd登录啦,郑晓东,科学馆一区,超级管理员,127.0.0.1,一级警员', '', ''),
	(215905, '2017-02-27 20:35:31', '2017-02-27 20:35:31', '超级管理员zxd登录了系统', '', 1, 11, 'log in', 'zxd', 'zxd登录啦,郑晓东,科学馆一区,超级管理员,127.0.0.1,一级警员', '', ''),
	(215906, '2017-02-27 20:37:32', '2017-02-27 20:37:32', '超级管理员zxd登录了系统', '', 1, 11, 'log in', 'zxd', 'zxd登录啦,郑晓东,科学馆一区,超级管理员,127.0.0.1,一级警员', '', ''),
	(215907, '2017-02-27 20:40:41', '2017-02-27 20:40:41', '超级管理员zxd登录了系统', '', 1, 11, 'log in', 'zxd', 'zxd登录啦,郑晓东,科学馆一区,超级管理员,127.0.0.1,一级警员', '', ''),
	(215908, '2017-02-27 20:48:52', '2017-02-27 20:48:52', '超级管理员zxd登录了系统', '', 1, 11, 'log in', 'zxd', 'zxd登录啦,郑晓东,科学馆一区,超级管理员,127.0.0.1,一级警员', '', ''),
	(215909, '2017-02-27 20:51:35', '2017-02-27 20:51:35', '超级管理员zxd登录了系统', '', 1, 11, 'log in', 'zxd', 'zxd登录啦,郑晓东,科学馆一区,超级管理员,127.0.0.1,一级警员', '', ''),
	(215910, '2017-02-27 21:04:47', '2017-02-27 21:04:47', '超级管理员zxd登录了系统', '', 1, 11, 'log in', 'zxd', 'zxd登录啦,郑晓东,科学馆一区,超级管理员,127.0.0.1,一级警员', '', ''),
	(215911, '2017-02-27 21:08:08', '2017-02-27 21:08:08', '超级管理员zxd登录了系统', '', 1, 11, 'log in', 'zxd', 'zxd登录啦,郑晓东,科学馆一区,超级管理员,127.0.0.1,一级警员', '', ''),
	(215912, '2017-02-27 21:09:58', '2017-02-27 21:09:58', '超级管理员zxd登录了系统', '', 1, 11, 'log in', 'zxd', 'zxd登录啦,郑晓东,科学馆一区,超级管理员,127.0.0.1,一级警员', '', ''),
	(215913, '2017-02-27 21:21:31', '2017-02-27 21:21:31', '超级管理员zxd登录了系统', '', 1, 11, 'log in', 'zxd', 'zxd登录啦,郑晓东,科学馆一区,超级管理员,127.0.0.1,一级警员', '', ''),
	(215914, '2017-02-27 21:23:18', '2017-02-27 21:23:18', '超级管理员zxd登录了系统', '', 1, 11, 'log in', 'zxd', 'zxd登录啦,郑晓东,科学馆一区,超级管理员,127.0.0.1,一级警员', '', ''),
	(215915, '2017-02-27 21:27:23', '2017-02-27 21:27:23', '超级管理员zxd登录了系统', '', 1, 11, 'log in', 'zxd', 'zxd登录啦,郑晓东,科学馆一区,超级管理员,127.0.0.1,一级警员', '', ''),
	(215916, '2017-02-27 21:32:33', '2017-02-27 21:32:33', '超级管理员zxd登录了系统', '', 1, 11, 'log in', 'zxd', 'zxd登录啦,郑晓东,科学馆一区,超级管理员,127.0.0.1,一级警员', '', ''),
	(215917, '2017-02-27 21:33:23', '2017-02-27 21:33:23', '超级管理员zxd登录了系统', '', 1, 11, 'log in', 'zxd', 'zxd登录啦,郑晓东,科学馆一区,超级管理员,127.0.0.1,一级警员', '', ''),
	(215918, '2017-02-27 21:35:28', '2017-02-27 21:35:28', '超级管理员zxd登录了系统', '', 1, 11, 'log in', 'zxd', 'zxd登录啦,郑晓东,科学馆一区,超级管理员,127.0.0.1,一级警员', '', ''),
	(215919, '2017-02-28 08:57:17', '2017-02-28 08:57:17', '超级管理员zxd登录了系统', '', 1, 11, 'log in', 'zxd', 'zxd登录啦,郑晓东,科学馆一区,超级管理员,127.0.0.1,一级警员', '', ''),
	(215920, '2017-02-28 08:58:41', '2017-02-28 08:58:41', '超级管理员zxd登录了系统', '', 1, 11, 'log in', 'zxd', 'zxd登录啦,郑晓东,科学馆一区,超级管理员,127.0.0.1,一级警员', '', ''),
	(215921, '2017-02-28 09:00:15', '2017-02-28 09:00:15', '超级管理员zxd登录了系统', '', 1, 11, 'log in', 'zxd', 'zxd登录啦,郑晓东,科学馆一区,超级管理员,127.0.0.1,一级警员', '', ''),
	(215922, '2017-02-28 09:02:49', '2017-02-28 09:02:49', '超级管理员zxd登录了系统', '', 1, 11, 'log in', 'zxd', 'zxd登录啦,郑晓东,科学馆一区,超级管理员,127.0.0.1,一级警员', '', ''),
	(215924, '2017-02-28 09:08:15', '2017-02-28 09:08:15', '超级管理员zxd登录了系统', '', 1, 11, 'log in', 'zxd', 'zxd登录啦,郑晓东,科学馆一区,超级管理员,127.0.0.1,一级警员', '', ''),
	(215925, '2017-02-28 09:13:31', '2017-02-28 09:13:31', '超级管理员zxd登录了系统', '', 1, 11, 'log in', 'zxd', 'zxd登录啦,郑晓东,科学馆一区,超级管理员,192.168.2.92,一级警员', '', ''),
	(215926, '2017-02-28 09:15:17', '2017-02-28 09:15:17', '超级管理员zxd登录了系统', '', 1, 11, 'log in', 'zxd', 'zxd登录啦,郑晓东,科学馆一区,超级管理员,127.0.0.1,一级警员', '', ''),
	(215927, '2017-02-28 09:18:19', '2017-02-28 09:18:19', '超级管理员zxd登录了系统', '', 1, 11, 'log in', 'zxd', 'zxd登录啦,郑晓东,科学馆一区,超级管理员,127.0.0.1,一级警员', '', ''),
	(215937, '2017-02-28 20:52:20', '2017-02-28 20:52:20', '超级管理员zxd登录了系统', '', 1, 11, 'log in', 'zxd', 'zxd登录啦,郑晓东,科学馆一区,超级管理员,192.168.2.92,一级警员', '', '');
/*!40000 ALTER TABLE `t_audit_log` ENABLE KEYS */;

-- 正在导出表  intellif_base.t_audit_log_type 的数据：~0 rows (大约)
DELETE FROM `t_audit_log_type`;
/*!40000 ALTER TABLE `t_audit_log_type` DISABLE KEYS */;
/*!40000 ALTER TABLE `t_audit_log_type` ENABLE KEYS */;

-- 正在导出表  intellif_base.t_base_platform_type 的数据：~0 rows (大约)
DELETE FROM `t_base_platform_type`;
/*!40000 ALTER TABLE `t_base_platform_type` DISABLE KEYS */;
/*!40000 ALTER TABLE `t_base_platform_type` ENABLE KEYS */;

-- 正在导出表  intellif_base.t_black_bank 的数据：~0 rows (大约)
DELETE FROM `t_black_bank`;
/*!40000 ALTER TABLE `t_black_bank` DISABLE KEYS */;
/*!40000 ALTER TABLE `t_black_bank` ENABLE KEYS */;

-- 正在导出表  intellif_base.t_black_detail 的数据：~0 rows (大约)
DELETE FROM `t_black_detail`;
/*!40000 ALTER TABLE `t_black_detail` DISABLE KEYS */;
/*!40000 ALTER TABLE `t_black_detail` ENABLE KEYS */;

-- 正在导出表  intellif_base.t_business_api 的数据：~844 rows (大约)
DELETE FROM `t_business_api`;
/*!40000 ALTER TABLE `t_business_api` DISABLE KEYS */;
INSERT INTO `t_business_api` (`resource_id`, `api_resource_id`) VALUES
	(101, 47),
	(101, 49),
	(101, 51),
	(102, 48),
	(103, 52),
	(104, 50),
	(105, 52),
	(105, 55),
	(105, 56),
	(105, 58),
	(106, 54),
	(107, 59),
	(108, 57),
	(109, 1),
	(109, 3),
	(109, 4),
	(109, 5),
	(109, 6),
	(109, 7),
	(109, 8),
	(109, 9),
	(109, 10),
	(109, 11),
	(109, 13),
	(109, 16),
	(109, 19),
	(109, 21),
	(109, 22),
	(109, 23),
	(109, 24),
	(109, 25),
	(109, 26),
	(109, 27),
	(109, 29),
	(109, 30),
	(109, 31),
	(109, 32),
	(109, 33),
	(109, 34),
	(109, 36),
	(109, 38),
	(109, 40),
	(109, 41),
	(109, 45),
	(109, 69),
	(109, 85),
	(109, 87),
	(109, 88),
	(109, 89),
	(109, 90),
	(109, 92),
	(109, 96),
	(109, 98),
	(109, 101),
	(109, 108),
	(109, 111),
	(109, 114),
	(109, 128),
	(109, 138),
	(109, 169),
	(109, 170),
	(109, 171),
	(109, 172),
	(109, 173),
	(109, 174),
	(109, 175),
	(109, 176),
	(109, 177),
	(109, 178),
	(109, 184),
	(109, 188),
	(109, 190),
	(109, 191),
	(109, 194),
	(109, 201),
	(109, 202),
	(109, 203),
	(109, 204),
	(109, 206),
	(109, 207),
	(109, 208),
	(109, 269),
	(109, 270),
	(109, 271),
	(109, 272),
	(109, 273),
	(109, 274),
	(109, 275),
	(109, 269),
	(109, 270),
	(109, 271),
	(109, 272),
	(109, 273),
	(109, 274),
	(109, 275),
	(109, 279),
	(109, 280),
	(109, 279),
	(109, 280),
	(109, 279),
	(109, 280),
	(109, 281),
	(109, 282),
	(109, 283),
	(109, 290),
	(109, 291),
	(109, 290),
	(109, 291),
	(109, 292),
	(109, 292),
	(109, 292),
	(109, 1004),
	(109, 1005),
	(109, 1006),
	(109, 1007),
	(109, 1008),
	(109, 1009),
	(109, 1010),
	(109, 1011),
	(109, 1012),
	(109, 1013),
	(109, 1014),
	(109, 1015),
	(109, 1016),
	(109, 1017),
	(109, 1018),
	(109, 1019),
	(109, 1020),
	(109, 1021),
	(109, 1004),
	(109, 1005),
	(109, 1006),
	(109, 1007),
	(109, 1008),
	(109, 1009),
	(109, 1010),
	(109, 1011),
	(109, 1012),
	(109, 1013),
	(109, 1014),
	(109, 1015),
	(109, 1016),
	(109, 1017),
	(109, 1018),
	(109, 1019),
	(109, 1020),
	(109, 1021),
	(109, 1027),
	(109, 1038),
	(109, 1039),
	(109, 1040),
	(109, 1027),
	(109, 1038),
	(109, 1039),
	(109, 1040),
	(109, 1004),
	(109, 1005),
	(109, 1006),
	(109, 1007),
	(109, 1008),
	(109, 1009),
	(109, 1010),
	(109, 1011),
	(109, 1012),
	(109, 1013),
	(109, 1014),
	(109, 1015),
	(109, 1016),
	(109, 1017),
	(109, 1018),
	(109, 1019),
	(109, 1020),
	(109, 1021),
	(109, 1027),
	(109, 1038),
	(109, 1039),
	(109, 1040),
	(109, 1004),
	(109, 1005),
	(109, 1006),
	(109, 1007),
	(109, 1008),
	(109, 1009),
	(109, 1010),
	(109, 1011),
	(109, 1012),
	(109, 1013),
	(109, 1014),
	(109, 1015),
	(109, 1016),
	(109, 1017),
	(109, 1018),
	(109, 1019),
	(109, 1020),
	(109, 1021),
	(109, 1027),
	(109, 1038),
	(109, 1039),
	(109, 1040),
	(109, 1004),
	(109, 1005),
	(109, 1006),
	(109, 1007),
	(109, 1008),
	(109, 1009),
	(109, 1010),
	(109, 1011),
	(109, 1012),
	(109, 1013),
	(109, 1014),
	(109, 1015),
	(109, 1016),
	(109, 1017),
	(109, 1018),
	(109, 1019),
	(109, 1020),
	(109, 1021),
	(109, 1027),
	(109, 1038),
	(109, 1039),
	(109, 1040),
	(109, 1004),
	(109, 1005),
	(109, 1006),
	(109, 1007),
	(109, 1008),
	(109, 1009),
	(109, 1010),
	(109, 1011),
	(109, 1012),
	(109, 1013),
	(109, 1014),
	(109, 1015),
	(109, 1016),
	(109, 1017),
	(109, 1018),
	(109, 1019),
	(109, 1020),
	(109, 1021),
	(109, 1027),
	(109, 1038),
	(109, 1039),
	(109, 1040),
	(109, 1044),
	(109, 1045),
	(109, 1046),
	(109, 1047),
	(109, 1049),
	(109, 1051),
	(109, 1052),
	(109, 1053),
	(109, 1053),
	(109, 1079),
	(109, 1080),
	(109, 1081),
	(109, 1082),
	(109, 1083),
	(109, 1084),
	(109, 1085),
	(109, 1053),
	(109, 1079),
	(109, 1080),
	(109, 1081),
	(109, 1082),
	(109, 1083),
	(109, 1084),
	(109, 1085),
	(109, 1053),
	(109, 1079),
	(109, 1080),
	(109, 1081),
	(109, 1082),
	(109, 1083),
	(109, 1084),
	(109, 1085),
	(109, 1086),
	(109, 1087),
	(109, 1088),
	(109, 1093),
	(109, 1094),
	(110, 28),
	(110, 97),
	(110, 157),
	(110, 158),
	(110, 160),
	(110, 161),
	(111, 28),
	(111, 35),
	(111, 42),
	(111, 43),
	(111, 99),
	(111, 102),
	(111, 157),
	(111, 158),
	(111, 160),
	(111, 182),
	(111, 205),
	(112, 12),
	(112, 35),
	(112, 43),
	(112, 100),
	(125, 38),
	(125, 40),
	(125, 41),
	(125, 45),
	(125, 60),
	(125, 62),
	(125, 63),
	(125, 64),
	(125, 65),
	(125, 66),
	(125, 67),
	(125, 68),
	(125, 69),
	(125, 70),
	(125, 71),
	(125, 72),
	(125, 73),
	(125, 74),
	(125, 75),
	(125, 76),
	(125, 77),
	(125, 78),
	(125, 79),
	(125, 81),
	(125, 85),
	(125, 87),
	(125, 88),
	(125, 89),
	(125, 90),
	(125, 92),
	(125, 128),
	(125, 157),
	(125, 158),
	(125, 160),
	(125, 197),
	(125, 198),
	(125, 204),
	(125, 209),
	(125, 210),
	(125, 211),
	(125, 212),
	(125, 213),
	(125, 214),
	(125, 220),
	(125, 216),
	(125, 217),
	(125, 218),
	(125, 219),
	(125, 220),
	(125, 221),
	(125, 222),
	(125, 223),
	(125, 224),
	(125, 236),
	(125, 237),
	(125, 238),
	(125, 239),
	(125, 240),
	(125, 241),
	(125, 242),
	(125, 243),
	(125, 244),
	(125, 245),
	(125, 246),
	(125, 247),
	(125, 248),
	(125, 249),
	(125, 250),
	(125, 251),
	(125, 252),
	(125, 253),
	(125, 254),
	(125, 255),
	(125, 256),
	(125, 257),
	(125, 258),
	(125, 259),
	(125, 260),
	(125, 261),
	(125, 262),
	(125, 263),
	(125, 264),
	(125, 265),
	(125, 266),
	(125, 230),
	(125, 235),
	(125, 267),
	(125, 268),
	(125, 276),
	(125, 277),
	(125, 230),
	(125, 235),
	(125, 267),
	(125, 268),
	(125, 276),
	(125, 277),
	(125, 278),
	(125, 281),
	(125, 282),
	(125, 284),
	(125, 285),
	(125, 286),
	(125, 287),
	(125, 288),
	(125, 289),
	(125, 285),
	(125, 286),
	(125, 287),
	(125, 288),
	(125, 289),
	(125, 293),
	(125, 293),
	(125, 294),
	(125, 295),
	(125, 296),
	(125, 297),
	(125, 1000),
	(125, 1001),
	(125, 1002),
	(125, 1000),
	(125, 1001),
	(125, 1002),
	(125, 306),
	(125, 1000),
	(125, 1001),
	(125, 1002),
	(125, 306),
	(125, 1000),
	(125, 1001),
	(125, 1002),
	(125, 1003),
	(125, 300),
	(125, 301),
	(125, 1022),
	(125, 1023),
	(125, 1024),
	(125, 1025),
	(125, 1026),
	(125, 1028),
	(125, 1028),
	(125, 1029),
	(125, 1030),
	(125, 1031),
	(125, 1032),
	(125, 1033),
	(125, 1034),
	(125, 1035),
	(125, 1036),
	(125, 1037),
	(125, 1041),
	(125, 1022),
	(125, 1023),
	(125, 1024),
	(125, 1025),
	(125, 1026),
	(125, 1022),
	(125, 1023),
	(125, 1024),
	(125, 1025),
	(125, 1026),
	(125, 1022),
	(125, 1023),
	(125, 1024),
	(125, 1025),
	(125, 1026),
	(125, 1028),
	(125, 1029),
	(125, 1030),
	(125, 1031),
	(125, 1032),
	(125, 1033),
	(125, 1034),
	(125, 1035),
	(125, 1036),
	(125, 1037),
	(125, 1041),
	(125, 300),
	(125, 301),
	(125, 1022),
	(125, 1023),
	(125, 1024),
	(125, 1025),
	(125, 1026),
	(125, 1028),
	(125, 1029),
	(125, 1030),
	(125, 1031),
	(125, 1032),
	(125, 1033),
	(125, 1034),
	(125, 1035),
	(125, 1036),
	(125, 1037),
	(125, 1041),
	(125, 1042),
	(125, 1043),
	(125, 1022),
	(125, 1023),
	(125, 1024),
	(125, 1025),
	(125, 1026),
	(125, 1028),
	(125, 1029),
	(125, 1030),
	(125, 1031),
	(125, 1032),
	(125, 1033),
	(125, 1034),
	(125, 1035),
	(125, 1036),
	(125, 1037),
	(125, 1041),
	(125, 1042),
	(125, 1043),
	(125, 300),
	(125, 301),
	(125, 1022),
	(125, 1023),
	(125, 1024),
	(125, 1025),
	(125, 1026),
	(125, 1022),
	(125, 1023),
	(125, 1024),
	(125, 1025),
	(125, 1026),
	(125, 1028),
	(125, 1029),
	(125, 1030),
	(125, 1031),
	(125, 1032),
	(125, 1033),
	(125, 1034),
	(125, 1035),
	(125, 1036),
	(125, 1037),
	(125, 1041),
	(125, 1042),
	(125, 1043),
	(125, 1022),
	(125, 1023),
	(125, 1024),
	(125, 1025),
	(125, 1026),
	(125, 1028),
	(125, 1029),
	(125, 1030),
	(125, 1031),
	(125, 1032),
	(125, 1033),
	(125, 1034),
	(125, 1035),
	(125, 1036),
	(125, 1037),
	(125, 1041),
	(125, 1042),
	(125, 1043),
	(125, 1042),
	(125, 1043),
	(125, 1042),
	(125, 1043),
	(125, 1042),
	(125, 1043),
	(125, 1048),
	(125, 1050),
	(125, 1082),
	(125, 1083),
	(125, 1084),
	(125, 1085),
	(125, 1082),
	(125, 1083),
	(125, 1084),
	(125, 1085),
	(125, 1087),
	(125, 1088),
	(125, 1089),
	(125, 1090),
	(125, 1091),
	(125, 1092),
	(125, 1095),
	(129, 38),
	(129, 40),
	(129, 41),
	(129, 45),
	(130, 39),
	(131, 46),
	(132, 44),
	(133, 162),
	(133, 165),
	(133, 167),
	(133, 189),
	(133, 215),
	(134, 163),
	(135, 164),
	(135, 168),
	(136, 166),
	(137, 73),
	(137, 75),
	(137, 128),
	(137, 160),
	(137, 204),
	(137, 62),
	(137, 279),
	(137, 280),
	(137, 62),
	(137, 63),
	(137, 64),
	(137, 279),
	(137, 280),
	(137, 62),
	(137, 63),
	(137, 64),
	(137, 281),
	(137, 282),
	(137, 283),
	(137, 1001),
	(137, 1002),
	(137, 1003),
	(137, 1001),
	(137, 1002),
	(137, 1003),
	(137, 1001),
	(137, 1002),
	(137, 1003),
	(138, 28),
	(138, 32),
	(138, 35),
	(138, 36),
	(138, 39),
	(138, 44),
	(138, 45),
	(138, 46),
	(138, 96),
	(138, 97),
	(138, 100),
	(138, 101),
	(138, 102),
	(138, 108),
	(138, 109),
	(138, 110),
	(138, 111),
	(138, 112),
	(138, 128),
	(138, 138),
	(138, 139),
	(138, 143),
	(138, 151),
	(138, 153),
	(138, 154),
	(138, 155),
	(138, 160),
	(138, 189),
	(138, 191),
	(138, 192),
	(138, 192),
	(138, 194),
	(138, 195),
	(138, 204),
	(139, 179),
	(140, 180),
	(141, 181),
	(142, 109),
	(142, 192),
	(143, 112),
	(143, 195),
	(144, 110),
	(144, 193),
	(145, 108),
	(145, 111),
	(145, 191),
	(145, 194),
	(146, 120),
	(147, 123),
	(148, 121),
	(149, 119),
	(149, 122),
	(150, 127),
	(151, 131),
	(152, 129),
	(153, 126),
	(153, 130),
	(154, 139),
	(155, 155),
	(155, 143),
	(155, 151),
	(156, 153),
	(157, 138),
	(157, 141),
	(157, 144),
	(157, 145),
	(157, 146),
	(157, 147),
	(157, 148),
	(157, 149),
	(157, 152),
	(157, 154),
	(157, 228),
	(157, 229),
	(157, 231),
	(157, 232),
	(157, 233),
	(157, 234),
	(158, 183),
	(158, 199),
	(159, 185),
	(159, 186),
	(159, 187),
	(159, 196),
	(160, 200),
	(161, 225),
	(161, 226),
	(162, 1079),
	(162, 1080),
	(162, 1081),
	(162, 1079),
	(162, 1080),
	(162, 1081),
	(162, 1086),
	(1000, 1054),
	(1000, 1055),
	(1000, 1056),
	(1000, 1057),
	(1000, 1058),
	(1000, 1059),
	(1000, 1060),
	(1000, 1061),
	(1000, 1062),
	(1000, 1063),
	(1000, 1064),
	(1000, 1065),
	(1000, 1066),
	(1000, 1067),
	(1000, 1068),
	(1000, 1069),
	(1000, 1070),
	(1000, 1071),
	(1000, 1072),
	(1000, 1073),
	(1000, 1074),
	(1000, 1075),
	(1000, 1076),
	(1000, 1077),
	(1000, 1078),
	(1000, 1054),
	(1000, 1055),
	(1000, 1056),
	(1000, 1057),
	(1000, 1058),
	(1000, 1059),
	(1000, 1060),
	(1000, 1061),
	(1000, 1062),
	(1000, 1063),
	(1000, 1064),
	(1000, 1065),
	(1000, 1066),
	(1000, 1067),
	(1000, 1068),
	(1000, 1069),
	(1000, 1070),
	(1000, 1071),
	(1000, 1072),
	(1000, 1073),
	(1000, 1074),
	(1000, 1075),
	(1000, 1076),
	(1000, 1077),
	(1000, 1078),
	(1000, 1054),
	(1000, 1055),
	(1000, 1056),
	(1000, 1057),
	(1000, 1058),
	(1000, 1059),
	(1000, 1060),
	(1000, 1061),
	(1000, 1062),
	(1000, 1063),
	(1000, 1064),
	(1000, 1065),
	(1000, 1066),
	(1000, 1067),
	(1000, 1068),
	(1000, 1069),
	(1000, 1070),
	(1000, 1071),
	(1000, 1072),
	(1000, 1073),
	(1000, 1074),
	(1000, 1075),
	(1000, 1076),
	(1000, 1077),
	(1000, 1078),
	(1000, 1054),
	(1000, 1055),
	(1000, 1056),
	(1000, 1057),
	(1000, 1058),
	(1000, 1059),
	(1000, 1060),
	(1000, 1061),
	(1000, 1062),
	(1000, 1063),
	(1000, 1064),
	(1000, 1065),
	(1000, 1066),
	(1000, 1067),
	(1000, 1068),
	(1000, 1069),
	(1000, 1070),
	(1000, 1071),
	(1000, 1072),
	(1000, 1073),
	(1000, 1074),
	(1000, 1075),
	(1000, 1076),
	(1000, 1077),
	(1000, 1078),
	(1000, 1054),
	(1000, 1055),
	(1000, 1056),
	(1000, 1057),
	(1000, 1058),
	(1000, 1059),
	(1000, 1060),
	(1000, 1061),
	(1000, 1062),
	(1000, 1063),
	(1000, 1064),
	(1000, 1065),
	(1000, 1066),
	(1000, 1067),
	(1000, 1068),
	(1000, 1069),
	(1000, 1070),
	(1000, 1071),
	(1000, 1072),
	(1000, 1073),
	(1000, 1074),
	(1000, 1075),
	(1000, 1076),
	(1000, 1077),
	(1000, 1078);
/*!40000 ALTER TABLE `t_business_api` ENABLE KEYS */;

-- 正在导出表  intellif_base.t_business_api_lg 的数据：~0 rows (大约)
DELETE FROM `t_business_api_lg`;
/*!40000 ALTER TABLE `t_business_api_lg` DISABLE KEYS */;
/*!40000 ALTER TABLE `t_business_api_lg` ENABLE KEYS */;

-- 正在导出表  intellif_base.t_camera_blackdetail 的数据：~0 rows (大约)
DELETE FROM `t_camera_blackdetail`;
/*!40000 ALTER TABLE `t_camera_blackdetail` DISABLE KEYS */;
/*!40000 ALTER TABLE `t_camera_blackdetail` ENABLE KEYS */;

-- 正在导出表  intellif_base.t_camera_blackdetail_bak 的数据：~0 rows (大约)
DELETE FROM `t_camera_blackdetail_bak`;
/*!40000 ALTER TABLE `t_camera_blackdetail_bak` DISABLE KEYS */;
/*!40000 ALTER TABLE `t_camera_blackdetail_bak` ENABLE KEYS */;

-- 正在导出表  intellif_base.t_camera_controller_info 的数据：~0 rows (大约)
DELETE FROM `t_camera_controller_info`;
/*!40000 ALTER TABLE `t_camera_controller_info` DISABLE KEYS */;
/*!40000 ALTER TABLE `t_camera_controller_info` ENABLE KEYS */;

-- 正在导出表  intellif_base.t_camera_info 的数据：~25 rows (大约)
DELETE FROM `t_camera_info`;
/*!40000 ALTER TABLE `t_camera_info` DISABLE KEYS */;
INSERT INTO `t_camera_info` (`id`, `created`, `updated`, `geo_string`, `geometry`, `addr`, `capability`, `city`, `county`, `cover`, `name`, `password`, `port`, `rtspuri`, `station_id`, `status`, `type`, `uri`, `username`, `short_name`, `in_station`, `liveurl`, `rtsp`, `parameter`) VALUES
	(1, '2015-11-28 15:32:07', '2015-11-28 15:32:07', 'POINT(114.123751 22.609474)', NULL, '布吉所侯问室', 5, '深圳', '龙岗－派出所', '114.123751,22.609474', '布吉所侯问室', 'introcks1234', 8000, 'rtmp://192.168.2.150:5119/live/OfficeDome', 1, 1, 2, '192.168.2.220', 'admin', NULL, 0, NULL, '', NULL),
	(2, '2015-11-28 15:32:07', '2015-11-28 15:32:07', 'POINT(114.131933 22.601917)', NULL, '罗岗所侯问室', 5, '深圳', '龙岗－派出所', '114.131933,22.601917', '罗岗所侯问室', 'introcks1234', 8000, 'rtmp://192.168.2.150:5119/live/MuseumHall', 1, 1, 2, '192.168.2.201', 'admin', NULL, 0, NULL, '', NULL),
	(3, '2015-11-28 15:32:07', '2015-11-28 15:32:07', 'POINT(114.118944 22.619828)', NULL, '水径所侯问室', 5, '深圳', '龙岗－派出所', '114.118944,22.619828', '水径所侯问室', 'introcks1234', 8000, 'rtmp://192.168.2.150:5119/live/MuseumLeft', 1, 1, 2, '192.168.2.204', 'admin', NULL, 0, NULL, '', NULL),
	(4, '2015-11-28 15:32:07', '2015-11-28 15:32:07', 'POINT(114.156803 22.612797)', NULL, '南岭所侯问室', 5, '深圳', '龙岗－派出所', '114.156803,22.612797', '南岭所侯问室', 'introcks1234', 8000, 'rtmp://192.168.2.150:5119/live/MuseumRight', 1, 1, 2, '192.168.2.205', 'admin', NULL, 0, NULL, '', NULL),
	(5, '2015-11-28 15:32:07', '2015-11-28 15:32:07', 'POINT(114.169452 22.616788)', NULL, '沙湾所侯问室', 5, '深圳', '龙岗－派出所', '114.169452,22.616788', '沙湾所侯问室', 'introcks1234', 8000, 'rtmp://192.168.2.150:5119/live/ShangbuSouth', 2, 1, 2, '192.168.2.200', 'admin', NULL, 0, NULL, '', NULL),
	(6, '2015-11-28 15:32:07', '2015-11-28 15:32:07', 'POINT(114.126993 22.659978)', NULL, '李朗所侯问室', 5, '深圳', '龙岗－派出所', '114.126993,22.659978', '李朗所侯问室', 'introcks1234', 8000, 'rtmp://192.168.2.150:5119/live/ZhenzhongEast', 2, 1, 2, '192.168.2.202', 'admin', NULL, 0, NULL, '', NULL),
	(7, '2015-11-28 15:32:07', '2015-11-28 15:32:07', 'POINT(114.06527 22.633964)', NULL, '坂田所侯问室', 5, '深圳', '龙岗－派出所', '114.06527,22.633964', '坂田所侯问室', 'introcks1234', 8000, 'rtmp://192.168.2.150:5119/live/ZhenzhongWest', 2, 1, 2, '192.168.2.203', 'admin', NULL, 1, NULL, '', NULL),
	(8, '2015-11-28 15:32:07', '2015-11-28 15:32:07', 'POINT(114.077959 22.662883)', NULL, '宝岗所侯问室', 5, '深圳', '龙岗－派出所', '114.077959,22.662883', '宝岗所侯问室', 'introcks1234', 8000, 'rtmp://192.168.2.150:5119/live/MuseumEntry', 1, 1, 2, '192.168.2.206', 'admin', NULL, 0, NULL, '', NULL),
	(9, '2015-11-28 15:32:07', '2015-11-28 15:32:07', 'POINT(114.139298 22.69771)', NULL, '平湖所侯问室', 5, '深圳', '龙岗－派出所', '114.139298,22.69771', '平湖所侯问室', 'introcks1234', 8000, 'rtmp://192.168.2.150:5119/live/MuseumExits', 1, 1, 2, '192.168.2.207', 'admin', NULL, 1, NULL, '', NULL),
	(10, '2010-01-28 15:20:00', '2010-01-28 15:20:00', 'POINT(114.15586 22.688392)', NULL, '平南所侯问室', 5, '深圳', '龙岗－派出所', '114.15586,22.688392', '平南所侯问室', 'introcks1234', 8000, 'rtsp://115.231.182.113/livestream/jcuiy5az', 3, 1, 2, '115.231.182.113', 'admin', NULL, 0, NULL, '', NULL),
	(11, '2016-04-15 17:11:29', '2016-04-15 17:11:29', 'POINT(114.113632 22.703381)', NULL, '辅城所侯问室 ', 5, '深圳', '龙岗－派出所', '114.113632,22.703381', '辅城所侯问室', 'introcks1234', 8000, 'rtmp://192.168.2.150:5119/live/GreetingCam', 3, 1, 2, '192.168.2.216', 'admin', NULL, 0, NULL, '', NULL),
	(12, '2010-01-28 15:20:00', '2010-01-28 15:20:00', 'POINT(114.218448 22.660437)', NULL, '横岗所侯问室 ', 5, '深圳', '龙岗－派出所', '114.218448,22.660437', '横岗所侯问室 ', 'admin1234', 8000, 'rtmp://192.168.2.150:5119/live/703adv', 3, 1, 2, '192.168.2.214', 'admin', NULL, 0, NULL, '', NULL),
	(13, '2016-03-24 11:33:06', '2016-03-24 11:33:09', 'POINT(114.233932 22.682373)', NULL, '荷坳所侯问室', 5, '深圳', '龙岗－派出所', '114.233932,22.682373', '荷坳所侯问室', 'introcks1234', 8000, 'rtmp://cdn.live.360.cn/live_camera/36053724952', 8, 1, 2, '192.168.2.209', 'admin', NULL, 0, NULL, '', NULL),
	(24, '2016-04-15 17:11:29', '2016-04-15 17:11:29', 'POINT(114.214323 22.704213)', NULL, '大运城所侯问室', 5, '深圳', '龙岗－派出所', '114.214323,22.704213', '大运城所侯问室', 'introcks1234', 8000, 'rtmp://192.168.2.150:5119/live/LiftExists', 4, 1, 0, '192.168.2.227', 'admin', NULL, 0, NULL, '', NULL),
	(25, '2016-04-15 17:11:29', '2016-04-15 17:11:29', 'POINT(114.274406 22.718015)', NULL, '龙新所侯问室', 5, '深圳', '龙岗－派出所', '114.274406,22.718015', '龙新所侯问室', 'introcks1234', 8000, 'rtmp://192.168.2.150:5119/live/DoorGuard', 4, 1, 0, '192.168.2.224', 'admin', NULL, 0, NULL, '', NULL),
	(26, '2016-04-15 17:11:29', '2016-04-15 17:11:29', 'POINT(114.13484 22.611488)', NULL, '木棉湾小区', 5, '深圳', '龙岗－罗岗所', '114.13484,22.611488', '木棉湾A门1号', 'introcks1234', 8000, 'rtmp://192.168.2.150:5119/live/OfficeLeft', 4, 1, 0, '192.168.2.225', 'admin', NULL, 0, NULL, '', NULL),
	(27, '2016-04-15 17:11:29', '2016-04-15 17:11:29', 'POINT(114.134445 22.611338)', NULL, '木棉湾小区', 5, '深圳', '龙岗－罗岗所', '114.134445,22.611338', '木棉湾A门2号', 'introcks1234', 8000, 'rtmp://192.168.2.150:5119/live/OfficeRight', 4, 1, 0, '192.168.2.226', 'admin', NULL, 0, NULL, '', NULL),
	(28, '2016-05-14 15:32:07', '2016-05-14 15:32:07', 'POINT(114.137481 22.607301)', NULL, '木棉湾小区', 5, '深圳', '龙岗－罗岗所', '114.137481,22.607301', '木棉湾B门1号', 'introcks1234', 8000, 'rtmp://192.168.2.150:5119/live/Office700', 3, 1, 2, '192.168.1.217', 'admin', '', 0, NULL, '', NULL),
	(29, '2016-10-31 15:32:07', '2016-10-31 15:32:07', 'POINT(114.137535 22.607234)', NULL, '木棉湾小区', 5, '深圳', '龙岗－罗岗所', '114.137535,22.607234', '木棉湾B门2号', 'introcks1234', 8000, 'rtmp://192.168.2.150:5119/live/Office700', 2, 1, 2, '192.168.1.217', 'admin', '', 0, 'rtsp://admin:admin@192.168.2.231:554/h264/ch1/main/av_stream', '', NULL),
	(30, '2015-11-28 15:32:07', '2015-11-28 15:32:07', 'POINT(114.141955 22.612797)', NULL, '木棉湾小区', 5, '深圳', '龙岗－罗岗所', '114.141955,22.612797', '木棉湾C门1号', 'introcks1234', 8000, 'rtmp://192.168.2.150:5119/live/OfficeDome', 2, 1, 2, '192.168.2.60', 'admin', NULL, 0, '/home/intellif/IFaaS/mp4/2016_11_29_173200_546_0.mp4', '', NULL),
	(31, '2016-11-23 16:15:19', '2016-11-23 16:15:19', 'POINT(114.142 22.612843)', NULL, '木棉湾小区', 5, '深圳', '龙岗－罗岗所', '114.142,22.612843', '木棉湾C门2号', '123456', 8000, '192.168.1.164', 25, 1, 0, '192.168.1.164', 'xianwenhui', 'xianwenhui', 1, '192.168.1.164', '', NULL),
	(32, '2016-12-03 18:35:40', '2016-12-03 18:35:40', 'POINT(114.143765 22.619028)', NULL, '沃尔玛（大芬店）正前方路边', 5, '深圳', '龙岗－罗岗所', '114.143765,22.619028', '沃尔玛（大芬店）正前方路边', 'xianwenhui', 8000, '192.168.2.1', 26, 1, 0, '192.168.2.1', 'xianwenhui', '@.2016 12a03A摄·像_头', 0, '192.168.2.1', '', NULL);
/*!40000 ALTER TABLE `t_camera_info` ENABLE KEYS */;

-- 正在导出表  intellif_base.t_camera_info_33 的数据：~0 rows (大约)
DELETE FROM `t_camera_info_33`;
/*!40000 ALTER TABLE `t_camera_info_33` DISABLE KEYS */;
/*!40000 ALTER TABLE `t_camera_info_33` ENABLE KEYS */;

-- 正在导出表  intellif_base.t_camera_info_b 的数据：~0 rows (大约)
DELETE FROM `t_camera_info_b`;
/*!40000 ALTER TABLE `t_camera_info_b` DISABLE KEYS */;
/*!40000 ALTER TABLE `t_camera_info_b` ENABLE KEYS */;

-- 正在导出表  intellif_base.t_camera_platform_info 的数据：~0 rows (大约)
DELETE FROM `t_camera_platform_info`;
/*!40000 ALTER TABLE `t_camera_platform_info` DISABLE KEYS */;
/*!40000 ALTER TABLE `t_camera_platform_info` ENABLE KEYS */;

-- 正在导出表  intellif_base.t_cid_detail 的数据：~0 rows (大约)
DELETE FROM `t_cid_detail`;
/*!40000 ALTER TABLE `t_cid_detail` DISABLE KEYS */;
/*!40000 ALTER TABLE `t_cid_detail` ENABLE KEYS */;

-- 正在导出表  intellif_base.t_cid_info 的数据：~0 rows (大约)
DELETE FROM `t_cid_info`;
/*!40000 ALTER TABLE `t_cid_info` DISABLE KEYS */;
/*!40000 ALTER TABLE `t_cid_info` ENABLE KEYS */;

-- 正在导出表  intellif_base.t_controller_event 的数据：~0 rows (大约)
DELETE FROM `t_controller_event`;
/*!40000 ALTER TABLE `t_controller_event` DISABLE KEYS */;
/*!40000 ALTER TABLE `t_controller_event` ENABLE KEYS */;

-- 正在导出表  intellif_base.t_controller_info 的数据：~0 rows (大约)
DELETE FROM `t_controller_info`;
/*!40000 ALTER TABLE `t_controller_info` DISABLE KEYS */;
/*!40000 ALTER TABLE `t_controller_info` ENABLE KEYS */;

-- 正在导出表  intellif_base.t_crime_alarm_info 的数据：~0 rows (大约)
DELETE FROM `t_crime_alarm_info`;
/*!40000 ALTER TABLE `t_crime_alarm_info` DISABLE KEYS */;
/*!40000 ALTER TABLE `t_crime_alarm_info` ENABLE KEYS */;

-- 正在导出表  intellif_base.t_crime_fri_type 的数据：~0 rows (大约)
DELETE FROM `t_crime_fri_type`;
/*!40000 ALTER TABLE `t_crime_fri_type` DISABLE KEYS */;
/*!40000 ALTER TABLE `t_crime_fri_type` ENABLE KEYS */;

-- 正在导出表  intellif_base.t_crime_sec_type 的数据：~0 rows (大约)
DELETE FROM `t_crime_sec_type`;
/*!40000 ALTER TABLE `t_crime_sec_type` DISABLE KEYS */;
/*!40000 ALTER TABLE `t_crime_sec_type` ENABLE KEYS */;

-- 正在导出表  intellif_base.t_crime_type 的数据：~0 rows (大约)
DELETE FROM `t_crime_type`;
/*!40000 ALTER TABLE `t_crime_type` DISABLE KEYS */;
/*!40000 ALTER TABLE `t_crime_type` ENABLE KEYS */;

-- 正在导出表  intellif_base.t_engine_imgserver 的数据：~0 rows (大约)
DELETE FROM `t_engine_imgserver`;
/*!40000 ALTER TABLE `t_engine_imgserver` DISABLE KEYS */;
/*!40000 ALTER TABLE `t_engine_imgserver` ENABLE KEYS */;

-- 正在导出表  intellif_base.t_excel_record 的数据：~0 rows (大约)
DELETE FROM `t_excel_record`;
/*!40000 ALTER TABLE `t_excel_record` DISABLE KEYS */;
/*!40000 ALTER TABLE `t_excel_record` ENABLE KEYS */;

-- 正在导出表  intellif_base.t_face_camera_count 的数据：~0 rows (大约)
DELETE FROM `t_face_camera_count`;
/*!40000 ALTER TABLE `t_face_camera_count` DISABLE KEYS */;
/*!40000 ALTER TABLE `t_face_camera_count` ENABLE KEYS */;

-- 正在导出表  intellif_base.t_face_info_1 的数据：~0 rows (大约)
DELETE FROM `t_face_info_1`;
/*!40000 ALTER TABLE `t_face_info_1` DISABLE KEYS */;
/*!40000 ALTER TABLE `t_face_info_1` ENABLE KEYS */;

-- 正在导出表  intellif_base.t_face_info_2 的数据：~0 rows (大约)
DELETE FROM `t_face_info_2`;
/*!40000 ALTER TABLE `t_face_info_2` DISABLE KEYS */;
/*!40000 ALTER TABLE `t_face_info_2` ENABLE KEYS */;

-- 正在导出表  intellif_base.t_face_info_3 的数据：~0 rows (大约)
DELETE FROM `t_face_info_3`;
/*!40000 ALTER TABLE `t_face_info_3` DISABLE KEYS */;
/*!40000 ALTER TABLE `t_face_info_3` ENABLE KEYS */;

-- 正在导出表  intellif_base.t_face_info_4 的数据：~0 rows (大约)
DELETE FROM `t_face_info_4`;
/*!40000 ALTER TABLE `t_face_info_4` DISABLE KEYS */;
/*!40000 ALTER TABLE `t_face_info_4` ENABLE KEYS */;

-- 正在导出表  intellif_base.t_face_info_5 的数据：~0 rows (大约)
DELETE FROM `t_face_info_5`;
/*!40000 ALTER TABLE `t_face_info_5` DISABLE KEYS */;
/*!40000 ALTER TABLE `t_face_info_5` ENABLE KEYS */;

-- 正在导出表  intellif_base.t_face_info_6 的数据：~0 rows (大约)
DELETE FROM `t_face_info_6`;
/*!40000 ALTER TABLE `t_face_info_6` DISABLE KEYS */;
/*!40000 ALTER TABLE `t_face_info_6` ENABLE KEYS */;

-- 正在导出表  intellif_base.t_face_info_7 的数据：~0 rows (大约)
DELETE FROM `t_face_info_7`;
/*!40000 ALTER TABLE `t_face_info_7` DISABLE KEYS */;
/*!40000 ALTER TABLE `t_face_info_7` ENABLE KEYS */;

-- 正在导出表  intellif_base.t_face_info_8 的数据：~0 rows (大约)
DELETE FROM `t_face_info_8`;
/*!40000 ALTER TABLE `t_face_info_8` DISABLE KEYS */;
/*!40000 ALTER TABLE `t_face_info_8` ENABLE KEYS */;

-- 正在导出表  intellif_base.t_face_info_c 的数据：~0 rows (大约)
DELETE FROM `t_face_info_c`;
/*!40000 ALTER TABLE `t_face_info_c` DISABLE KEYS */;
/*!40000 ALTER TABLE `t_face_info_c` ENABLE KEYS */;

-- 正在导出表  intellif_base.t_foreigner_mark 的数据：~0 rows (大约)
DELETE FROM `t_foreigner_mark`;
/*!40000 ALTER TABLE `t_foreigner_mark` DISABLE KEYS */;
/*!40000 ALTER TABLE `t_foreigner_mark` ENABLE KEYS */;

-- 正在导出表  intellif_base.t_iface_com_conf 的数据：~0 rows (大约)
DELETE FROM `t_iface_com_conf`;
/*!40000 ALTER TABLE `t_iface_com_conf` DISABLE KEYS */;
/*!40000 ALTER TABLE `t_iface_com_conf` ENABLE KEYS */;

-- 正在导出表  intellif_base.t_image_info 的数据：~0 rows (大约)
DELETE FROM `t_image_info`;
/*!40000 ALTER TABLE `t_image_info` DISABLE KEYS */;
/*!40000 ALTER TABLE `t_image_info` ENABLE KEYS */;

-- 正在导出表  intellif_base.t_image_info_1 的数据：~0 rows (大约)
DELETE FROM `t_image_info_1`;
/*!40000 ALTER TABLE `t_image_info_1` DISABLE KEYS */;
/*!40000 ALTER TABLE `t_image_info_1` ENABLE KEYS */;

-- 正在导出表  intellif_base.t_image_info_2 的数据：~0 rows (大约)
DELETE FROM `t_image_info_2`;
/*!40000 ALTER TABLE `t_image_info_2` DISABLE KEYS */;
/*!40000 ALTER TABLE `t_image_info_2` ENABLE KEYS */;

-- 正在导出表  intellif_base.t_image_info_3 的数据：~0 rows (大约)
DELETE FROM `t_image_info_3`;
/*!40000 ALTER TABLE `t_image_info_3` DISABLE KEYS */;
/*!40000 ALTER TABLE `t_image_info_3` ENABLE KEYS */;

-- 正在导出表  intellif_base.t_image_info_4 的数据：~0 rows (大约)
DELETE FROM `t_image_info_4`;
/*!40000 ALTER TABLE `t_image_info_4` DISABLE KEYS */;
/*!40000 ALTER TABLE `t_image_info_4` ENABLE KEYS */;

-- 正在导出表  intellif_base.t_image_info_5 的数据：~0 rows (大约)
DELETE FROM `t_image_info_5`;
/*!40000 ALTER TABLE `t_image_info_5` DISABLE KEYS */;
/*!40000 ALTER TABLE `t_image_info_5` ENABLE KEYS */;

-- 正在导出表  intellif_base.t_image_info_6 的数据：~0 rows (大约)
DELETE FROM `t_image_info_6`;
/*!40000 ALTER TABLE `t_image_info_6` DISABLE KEYS */;
/*!40000 ALTER TABLE `t_image_info_6` ENABLE KEYS */;

-- 正在导出表  intellif_base.t_image_info_7 的数据：~0 rows (大约)
DELETE FROM `t_image_info_7`;
/*!40000 ALTER TABLE `t_image_info_7` DISABLE KEYS */;
/*!40000 ALTER TABLE `t_image_info_7` ENABLE KEYS */;

-- 正在导出表  intellif_base.t_image_info_8 的数据：~0 rows (大约)
DELETE FROM `t_image_info_8`;
/*!40000 ALTER TABLE `t_image_info_8` DISABLE KEYS */;
/*!40000 ALTER TABLE `t_image_info_8` ENABLE KEYS */;

-- 正在导出表  intellif_base.t_juzhu_detail 的数据：~0 rows (大约)
DELETE FROM `t_juzhu_detail`;
/*!40000 ALTER TABLE `t_juzhu_detail` DISABLE KEYS */;
/*!40000 ALTER TABLE `t_juzhu_detail` ENABLE KEYS */;

-- 正在导出表  intellif_base.t_juzhu_detail_copy 的数据：~0 rows (大约)
DELETE FROM `t_juzhu_detail_copy`;
/*!40000 ALTER TABLE `t_juzhu_detail_copy` DISABLE KEYS */;
/*!40000 ALTER TABLE `t_juzhu_detail_copy` ENABLE KEYS */;

-- 正在导出表  intellif_base.t_juzhu_detail_copy1 的数据：~0 rows (大约)
DELETE FROM `t_juzhu_detail_copy1`;
/*!40000 ALTER TABLE `t_juzhu_detail_copy1` DISABLE KEYS */;
/*!40000 ALTER TABLE `t_juzhu_detail_copy1` ENABLE KEYS */;

-- 正在导出表  intellif_base.t_juzhu_info 的数据：~0 rows (大约)
DELETE FROM `t_juzhu_info`;
/*!40000 ALTER TABLE `t_juzhu_info` DISABLE KEYS */;
/*!40000 ALTER TABLE `t_juzhu_info` ENABLE KEYS */;

-- 正在导出表  intellif_base.t_kaoqin_person 的数据：~0 rows (大约)
DELETE FROM `t_kaoqin_person`;
/*!40000 ALTER TABLE `t_kaoqin_person` DISABLE KEYS */;
/*!40000 ALTER TABLE `t_kaoqin_person` ENABLE KEYS */;

-- 正在导出表  intellif_base.t_kaoqin_picdetail 的数据：~0 rows (大约)
DELETE FROM `t_kaoqin_picdetail`;
/*!40000 ALTER TABLE `t_kaoqin_picdetail` DISABLE KEYS */;
/*!40000 ALTER TABLE `t_kaoqin_picdetail` ENABLE KEYS */;

-- 正在导出表  intellif_base.t_kaoqin_record 的数据：~0 rows (大约)
DELETE FROM `t_kaoqin_record`;
/*!40000 ALTER TABLE `t_kaoqin_record` DISABLE KEYS */;
/*!40000 ALTER TABLE `t_kaoqin_record` ENABLE KEYS */;

-- 正在导出表  intellif_base.t_lose_pre_c 的数据：~0 rows (大约)
DELETE FROM `t_lose_pre_c`;
/*!40000 ALTER TABLE `t_lose_pre_c` DISABLE KEYS */;
/*!40000 ALTER TABLE `t_lose_pre_c` ENABLE KEYS */;

-- 正在导出表  intellif_base.t_maintenance_info 的数据：~0 rows (大约)
DELETE FROM `t_maintenance_info`;
/*!40000 ALTER TABLE `t_maintenance_info` DISABLE KEYS */;
/*!40000 ALTER TABLE `t_maintenance_info` ENABLE KEYS */;

-- 正在导出表  intellif_base.t_oauth_client_details 的数据：~0 rows (大约)
DELETE FROM `t_oauth_client_details`;
/*!40000 ALTER TABLE `t_oauth_client_details` DISABLE KEYS */;
/*!40000 ALTER TABLE `t_oauth_client_details` ENABLE KEYS */;

-- 正在导出表  intellif_base.t_other_detail 的数据：~0 rows (大约)
DELETE FROM `t_other_detail`;
/*!40000 ALTER TABLE `t_other_detail` DISABLE KEYS */;
/*!40000 ALTER TABLE `t_other_detail` ENABLE KEYS */;

-- 正在导出表  intellif_base.t_other_info 的数据：~0 rows (大约)
DELETE FROM `t_other_info`;
/*!40000 ALTER TABLE `t_other_info` DISABLE KEYS */;
/*!40000 ALTER TABLE `t_other_info` ENABLE KEYS */;

-- 正在导出表  intellif_base.t_person_detail 的数据：~0 rows (大约)
DELETE FROM `t_person_detail`;
/*!40000 ALTER TABLE `t_person_detail` DISABLE KEYS */;
/*!40000 ALTER TABLE `t_person_detail` ENABLE KEYS */;

-- 正在导出表  intellif_base.t_person_detail_bak 的数据：~0 rows (大约)
DELETE FROM `t_person_detail_bak`;
/*!40000 ALTER TABLE `t_person_detail_bak` DISABLE KEYS */;
/*!40000 ALTER TABLE `t_person_detail_bak` ENABLE KEYS */;

-- 正在导出表  intellif_base.t_person_info_c 的数据：~0 rows (大约)
DELETE FROM `t_person_info_c`;
/*!40000 ALTER TABLE `t_person_info_c` DISABLE KEYS */;
/*!40000 ALTER TABLE `t_person_info_c` ENABLE KEYS */;

-- 正在导出表  intellif_base.t_person_inzones 的数据：~0 rows (大约)
DELETE FROM `t_person_inzones`;
/*!40000 ALTER TABLE `t_person_inzones` DISABLE KEYS */;
/*!40000 ALTER TABLE `t_person_inzones` ENABLE KEYS */;

-- 正在导出表  intellif_base.t_person_red 的数据：~0 rows (大约)
DELETE FROM `t_person_red`;
/*!40000 ALTER TABLE `t_person_red` DISABLE KEYS */;
/*!40000 ALTER TABLE `t_person_red` ENABLE KEYS */;

-- 正在导出表  intellif_base.t_policeman_info 的数据：~0 rows (大约)
DELETE FROM `t_policeman_info`;
/*!40000 ALTER TABLE `t_policeman_info` DISABLE KEYS */;
/*!40000 ALTER TABLE `t_policeman_info` ENABLE KEYS */;

-- 正在导出表  intellif_base.t_police_cloud_audit_log 的数据：~0 rows (大约)
DELETE FROM `t_police_cloud_audit_log`;
/*!40000 ALTER TABLE `t_police_cloud_audit_log` DISABLE KEYS */;
/*!40000 ALTER TABLE `t_police_cloud_audit_log` ENABLE KEYS */;

-- 正在导出表  intellif_base.t_police_man_authority 的数据：~0 rows (大约)
DELETE FROM `t_police_man_authority`;
/*!40000 ALTER TABLE `t_police_man_authority` DISABLE KEYS */;
/*!40000 ALTER TABLE `t_police_man_authority` ENABLE KEYS */;

-- 正在导出表  intellif_base.t_police_man_authority_type 的数据：~0 rows (大约)
DELETE FROM `t_police_man_authority_type`;
/*!40000 ALTER TABLE `t_police_man_authority_type` DISABLE KEYS */;
/*!40000 ALTER TABLE `t_police_man_authority_type` ENABLE KEYS */;

-- 正在导出表  intellif_base.t_police_station 的数据：~1 rows (大约)
DELETE FROM `t_police_station`;
/*!40000 ALTER TABLE `t_police_station` DISABLE KEYS */;
INSERT INTO `t_police_station` (`id`, `created`, `updated`, `geo_string`, `geometry`, `station_name`, `station_no`, `person_threshold`) VALUES
	(1, '2015-11-28 15:32:07', '2016-12-13 17:31:39', 'POLYGON((-107 39, -102 39, -102 41, -107 41, -107 39))', _binary 0x00000000010300000001000000050000000000000000C05A3F0000000000804340000000000080593F0000000000804340000000000080593F00000000008044400000000000C05A3F00000000008044400000000000C05A3F0000000000804340, '科学馆一区', '123456', 0);
/*!40000 ALTER TABLE `t_police_station` ENABLE KEYS */;

-- 正在导出表  intellif_base.t_police_station_authority 的数据：~0 rows (大约)
DELETE FROM `t_police_station_authority`;
/*!40000 ALTER TABLE `t_police_station_authority` DISABLE KEYS */;
/*!40000 ALTER TABLE `t_police_station_authority` ENABLE KEYS */;

-- 正在导出表  intellif_base.t_push_alarm_info 的数据：~0 rows (大约)
DELETE FROM `t_push_alarm_info`;
/*!40000 ALTER TABLE `t_push_alarm_info` DISABLE KEYS */;
/*!40000 ALTER TABLE `t_push_alarm_info` ENABLE KEYS */;

-- 正在导出表  intellif_base.t_red_detail 的数据：~0 rows (大约)
DELETE FROM `t_red_detail`;
/*!40000 ALTER TABLE `t_red_detail` DISABLE KEYS */;
/*!40000 ALTER TABLE `t_red_detail` ENABLE KEYS */;

-- 正在导出表  intellif_base.t_resident_face 的数据：~0 rows (大约)
DELETE FROM `t_resident_face`;
/*!40000 ALTER TABLE `t_resident_face` DISABLE KEYS */;
/*!40000 ALTER TABLE `t_resident_face` ENABLE KEYS */;

-- 正在导出表  intellif_base.t_resident_person 的数据：~0 rows (大约)
DELETE FROM `t_resident_person`;
/*!40000 ALTER TABLE `t_resident_person` DISABLE KEYS */;
/*!40000 ALTER TABLE `t_resident_person` ENABLE KEYS */;

-- 正在导出表  intellif_base.t_resident_total 的数据：~0 rows (大约)
DELETE FROM `t_resident_total`;
/*!40000 ALTER TABLE `t_resident_total` DISABLE KEYS */;
/*!40000 ALTER TABLE `t_resident_total` ENABLE KEYS */;

-- 正在导出表  intellif_base.t_resource 的数据：~0 rows (大约)
DELETE FROM `t_resource`;
/*!40000 ALTER TABLE `t_resource` DISABLE KEYS */;
/*!40000 ALTER TABLE `t_resource` ENABLE KEYS */;

-- 正在导出表  intellif_base.t_role 的数据：~8 rows (大约)
DELETE FROM `t_role`;
/*!40000 ALTER TABLE `t_role` DISABLE KEYS */;
INSERT INTO `t_role` (`id`, `created`, `updated`, `cn_name`, `modules`, `name`, `res_ids`) VALUES
	(1, '2016-02-24 15:32:07', '2016-02-24 15:32:07', '超级管理员', '1,2,3,4,5,6,7,8,9,10,11,12,13,14,15,16,17,18,19,20,21,22,23', 'SUPER_ADMIN', '101,102,103,104,105,106,107,108,109,110,111,112,113,114,115,116,117,118,119,120,121,122,123,124,125,126,127,128,129,130,131,132,133,134,135,136,139,140,141,142,143,144,145,146,147,148,149,150,151,152,153,154,155,156,157,158,159,160,161,1000,1000,1000,162,'),
	(2, '2015-11-17 15:32:07', '2015-11-17 15:32:07', '管理账户', '1,2,3,4,5,6,7,8,9,10,11,12,13,14,15,16,17,18,19,20,21,22,23', 'ADMIN', '101,102,103,104,105,106,107,108,109,110,111,112,113,114,115,116,117,118,119,120,121,122,123,124,125,126,127,128,133,134,135,136,139,140,141,142,143,144,145,146,147,148,149,150,151,152,153,154,155,156,157,158,159,160'),
	(3, '2015-11-17 15:32:07', '2015-11-17 15:32:07', '操作账号', '1,2,3,4,5,6,7,8,9,10,11,12,13,14,15,16,17,18,19,20,21,22,23', 'USER', '101,102,103,104,105,106,107,108,109,110,111,112,113,114,115,116,117,118,119,120,121,122,123,124,125,126,127,128,133,135,139,140,141,158,159,160'),
	(4, '2015-11-17 15:32:07', '2015-11-17 15:32:07', '查询账号', '1,2,3,4,5,6,7,8,9,10,11,12,13,14,15,16,17,18,19,20,21,22,23', 'GUEST', '101,105,109,113,117,121,125,129,133,135,158,159,160'),
	(5, '2016-02-24 15:32:07', '2016-02-24 15:32:07', '匿名用户', '1,2,3,4,5,6,7,8,9,10,11,12,13,14,15,16,17,18,19,20,21,22,23', 'ANONYMOUS', '-1'),
	(6, '2016-04-05 14:40:52', '2016-04-05 14:40:52', '信义科技', '', 'GUEST', '137'),
	(7, '2016-04-05 14:40:52', '2016-04-05 14:40:52', '机器人识别功能', '', 'GUEST', '101,102,103,104,105,106,107,108,109,110,111,112,113,114,115,116,117,118,119,120,121,122,123,124,125,126,127,128,129,130,131,132,133,134,135,136,137,138,139,140,141,142,143,144,145,146,147,148,149,150,151,152,153,154,155,156,157,158,159 '),
	(8, '2016-02-24 15:32:07', '2016-02-24 15:32:07', '测试管理员', '', 'SUPER_ADMIN', '101,102,103,104,105,106,107,108,109,110,111,112,113,114,115,116,117,118,119,120,121,122,123,124,125,126,127,128,129,130,131,132,133,134,135,136,137,138,139,140,141,142,143,144,145,146,147,148,149,150,151,152,153,154,155,156,157,158,159 ');
/*!40000 ALTER TABLE `t_role` ENABLE KEYS */;

-- 正在导出表  intellif_base.t_rule_info 的数据：~0 rows (大约)
DELETE FROM `t_rule_info`;
/*!40000 ALTER TABLE `t_rule_info` DISABLE KEYS */;
/*!40000 ALTER TABLE `t_rule_info` ENABLE KEYS */;

-- 正在导出表  intellif_base.t_search_reason 的数据：~0 rows (大约)
DELETE FROM `t_search_reason`;
/*!40000 ALTER TABLE `t_search_reason` DISABLE KEYS */;
/*!40000 ALTER TABLE `t_search_reason` ENABLE KEYS */;

-- 正在导出表  intellif_base.t_search_record 的数据：~0 rows (大约)
DELETE FROM `t_search_record`;
/*!40000 ALTER TABLE `t_search_record` DISABLE KEYS */;
/*!40000 ALTER TABLE `t_search_record` ENABLE KEYS */;

-- 正在导出表  intellif_base.t_server_info 的数据：~0 rows (大约)
DELETE FROM `t_server_info`;
/*!40000 ALTER TABLE `t_server_info` DISABLE KEYS */;
/*!40000 ALTER TABLE `t_server_info` ENABLE KEYS */;

-- 正在导出表  intellif_base.t_solr_config_info 的数据：~0 rows (大约)
DELETE FROM `t_solr_config_info`;
/*!40000 ALTER TABLE `t_solr_config_info` DISABLE KEYS */;
/*!40000 ALTER TABLE `t_solr_config_info` ENABLE KEYS */;

-- 正在导出表  intellif_base.t_solr_config_info_33 的数据：~0 rows (大约)
DELETE FROM `t_solr_config_info_33`;
/*!40000 ALTER TABLE `t_solr_config_info_33` DISABLE KEYS */;
/*!40000 ALTER TABLE `t_solr_config_info_33` ENABLE KEYS */;

-- 正在导出表  intellif_base.t_suspect_detail 的数据：~0 rows (大约)
DELETE FROM `t_suspect_detail`;
/*!40000 ALTER TABLE `t_suspect_detail` DISABLE KEYS */;
/*!40000 ALTER TABLE `t_suspect_detail` ENABLE KEYS */;

-- 正在导出表  intellif_base.t_tables 的数据：~0 rows (大约)
DELETE FROM `t_tables`;
/*!40000 ALTER TABLE `t_tables` DISABLE KEYS */;
/*!40000 ALTER TABLE `t_tables` ENABLE KEYS */;

-- 正在导出表  intellif_base.t_task_info 的数据：~0 rows (大约)
DELETE FROM `t_task_info`;
/*!40000 ALTER TABLE `t_task_info` DISABLE KEYS */;
/*!40000 ALTER TABLE `t_task_info` ENABLE KEYS */;

-- 正在导出表  intellif_base.t_task_info_copy 的数据：~0 rows (大约)
DELETE FROM `t_task_info_copy`;
/*!40000 ALTER TABLE `t_task_info_copy` DISABLE KEYS */;
/*!40000 ALTER TABLE `t_task_info_copy` ENABLE KEYS */;

-- 正在导出表  intellif_base.t_third_platform_info 的数据：~0 rows (大约)
DELETE FROM `t_third_platform_info`;
/*!40000 ALTER TABLE `t_third_platform_info` DISABLE KEYS */;
/*!40000 ALTER TABLE `t_third_platform_info` ENABLE KEYS */;

-- 正在导出表  intellif_base.t_trans_proxy_info 的数据：~0 rows (大约)
DELETE FROM `t_trans_proxy_info`;
/*!40000 ALTER TABLE `t_trans_proxy_info` DISABLE KEYS */;
/*!40000 ALTER TABLE `t_trans_proxy_info` ENABLE KEYS */;

-- 正在导出表  intellif_base.t_trans_proxy_topology 的数据：~0 rows (大约)
DELETE FROM `t_trans_proxy_topology`;
/*!40000 ALTER TABLE `t_trans_proxy_topology` DISABLE KEYS */;
/*!40000 ALTER TABLE `t_trans_proxy_topology` ENABLE KEYS */;

-- 正在导出表  intellif_base.t_upload_info 的数据：~0 rows (大约)
DELETE FROM `t_upload_info`;
/*!40000 ALTER TABLE `t_upload_info` DISABLE KEYS */;
/*!40000 ALTER TABLE `t_upload_info` ENABLE KEYS */;

-- 正在导出表  intellif_base.t_user 的数据：~1 rows (大约)
DELETE FROM `t_user`;
/*!40000 ALTER TABLE `t_user` DISABLE KEYS */;
INSERT INTO `t_user` (`id`, `created`, `updated`, `age`, `camera_rights`, `face_id`, `gender`, `login`, `mobile`, `name`, `password`, `police_station_id`, `post`, `role_ids`, `starttime`, `endtime`) VALUES
	(1, '2017-02-27 11:40:59', '2017-02-27 11:40:59', 0, '', 0, 1, 'zxd', '', '郑晓东', '123456', 1, '一级警员', '1', '1970-01-01 00:00:00', '2050-01-01 00:00:00');
/*!40000 ALTER TABLE `t_user` ENABLE KEYS */;

-- 正在导出表  intellif_base.t_user_api_limit 的数据：~0 rows (大约)
DELETE FROM `t_user_api_limit`;
/*!40000 ALTER TABLE `t_user_api_limit` DISABLE KEYS */;
/*!40000 ALTER TABLE `t_user_api_limit` ENABLE KEYS */;

-- 正在导出表  intellif_base.t_user_attention 的数据：~0 rows (大约)
DELETE FROM `t_user_attention`;
/*!40000 ALTER TABLE `t_user_attention` DISABLE KEYS */;
/*!40000 ALTER TABLE `t_user_attention` ENABLE KEYS */;

-- 正在导出表  intellif_base.t_user_business_api 的数据：~0 rows (大约)
DELETE FROM `t_user_business_api`;
/*!40000 ALTER TABLE `t_user_business_api` DISABLE KEYS */;
/*!40000 ALTER TABLE `t_user_business_api` ENABLE KEYS */;

-- 正在导出表  intellif_base.t_user_role 的数据：~0 rows (大约)
DELETE FROM `t_user_role`;
/*!40000 ALTER TABLE `t_user_role` DISABLE KEYS */;
/*!40000 ALTER TABLE `t_user_role` ENABLE KEYS */;

-- 正在导出表  intellif_base.t_video_info 的数据：~0 rows (大约)
DELETE FROM `t_video_info`;
/*!40000 ALTER TABLE `t_video_info` DISABLE KEYS */;
/*!40000 ALTER TABLE `t_video_info` ENABLE KEYS */;

-- 正在导出表  intellif_base.t_weixin_user 的数据：~0 rows (大约)
DELETE FROM `t_weixin_user`;
/*!40000 ALTER TABLE `t_weixin_user` DISABLE KEYS */;
/*!40000 ALTER TABLE `t_weixin_user` ENABLE KEYS */;

-- 正在导出表  intellif_base.user_dto 的数据：~0 rows (大约)
DELETE FROM `user_dto`;
/*!40000 ALTER TABLE `user_dto` DISABLE KEYS */;
/*!40000 ALTER TABLE `user_dto` ENABLE KEYS */;

-- 正在导出表  intellif_base.weixin_alarm_info 的数据：~0 rows (大约)
DELETE FROM `weixin_alarm_info`;
/*!40000 ALTER TABLE `weixin_alarm_info` DISABLE KEYS */;
/*!40000 ALTER TABLE `weixin_alarm_info` ENABLE KEYS */;

/*!40101 SET SQL_MODE=IFNULL(@OLD_SQL_MODE, '') */;
/*!40014 SET FOREIGN_KEY_CHECKS=IF(@OLD_FOREIGN_KEY_CHECKS IS NULL, 1, @OLD_FOREIGN_KEY_CHECKS) */;
/*!40101 SET CHARACTER_SET_CLIENT=@OLD_CHARACTER_SET_CLIENT */;
